Date,Price,Open,High,Low,Vol.,Change %
2019-01-01,1282.62,"1,283.13","1,283.24","1,282.62",,-0.02%
2019-01-02,1284.77,"1,281.62","1,288.69","1,278.33",,0.17%
2019-01-03,1293.99,"1,285.12","1,295.27","1,284.16",,0.72%
2019-01-04,1284.92,"1,294.06","1,298.51","1,276.49",,-0.70%
2019-01-07,1288.67,"1,285.78","1,295.14","1,282.29",,0.29%
2019-01-08,1285.35,"1,289.13","1,290.69","1,279.20",,-0.26%
2019-01-09,1293.13,"1,285.36","1,293.95","1,279.63",,0.61%
2019-01-10,1286.38,"1,293.11","1,297.14","1,285.81",,-0.52%
2019-01-11,1288.0,"1,286.72","1,295.65","1,286.25",,0.13%
2019-01-14,1291.73,"1,287.16","1,295.90","1,287.16",,0.29%
2019-01-15,1289.31,"1,291.76","1,294.70","1,286.37",,-0.19%
2019-01-16,1293.52,"1,289.13","1,295.02","1,287.59",,0.33%
2019-01-17,1291.9,"1,293.99","1,295.84","1,288.96",,-0.13%
2019-01-18,1281.49,"1,292.18","1,292.86","1,280.64",,-0.81%
2019-01-21,1280.28,"1,281.75","1,284.29","1,277.06",,-0.09%
2019-01-22,1285.04,"1,279.73","1,285.84","1,277.25",,0.37%
2019-01-23,1282.39,"1,285.34","1,286.92","1,278.38",,-0.21%
2019-01-24,1280.94,"1,282.74","1,285.15","1,276.97",,-0.11%
2019-01-25,1303.22,"1,280.94","1,303.69","1,279.39",,1.74%
2019-01-28,1303.53,"1,303.49","1,304.49","1,297.26",,0.02%
2019-01-29,1311.93,"1,303.53","1,312.05","1,302.12",,0.64%
2019-01-30,1319.91,"1,312.27","1,323.74","1,308.81",,0.61%
2019-01-31,1320.94,"1,320.18","1,326.68","1,317.55",,0.08%
2019-02-01,1318.0,"1,320.95","1,323.58","1,315.66",,-0.22%
2019-02-04,1311.75,"1,317.55","1,318.80","1,308.26",,-0.47%
2019-02-05,1315.01,"1,311.75","1,316.86","1,310.30",,0.25%
2019-02-06,1306.22,"1,315.03","1,315.88","1,305.38",,-0.67%
2019-02-07,1310.09,"1,305.87","1,311.99","1,302.17",,0.30%
2019-02-08,1314.07,"1,310.14","1,315.72","1,307.23",,0.30%
2019-02-11,1308.33,"1,314.22","1,314.88","1,303.58",,-0.44%
2019-02-12,1310.89,"1,308.55","1,315.12","1,306.64",,0.20%
2019-02-13,1306.19,"1,310.88","1,318.19","1,304.50",,-0.36%
2019-02-14,1312.55,"1,306.16","1,314.43","1,302.63",,0.49%
2019-02-15,1321.41,"1,312.98","1,322.98","1,311.16",,0.68%
2019-02-18,1326.9,"1,321.95","1,328.39","1,321.11",,0.42%
2019-02-19,1341.16,"1,325.90","1,341.87","1,322.33",,1.07%
2019-02-20,1338.49,"1,341.25","1,346.81","1,336.63",,-0.20%
2019-02-21,1323.49,"1,338.89","1,341.88","1,322.24",,-1.12%
2019-02-22,1327.8,"1,323.52","1,333.17","1,321.16",,0.33%
2019-02-25,1327.12,"1,328.57","1,332.59","1,325.03",,-0.05%
2019-02-26,1328.96,"1,327.44","1,330.59","1,323.61",,0.14%
2019-02-27,1319.88,"1,328.91","1,329.63","1,316.51",,-0.68%
2019-02-28,1313.05,"1,320.18","1,327.42","1,312.54",,-0.52%
2019-03-01,1293.56,"1,312.81","1,315.33","1,290.16",,-1.48%
2019-03-04,1286.66,"1,293.62","1,297.11","1,282.75",,-0.53%
2019-03-05,1287.43,"1,286.67","1,289.75","1,280.95",,0.06%
2019-03-06,1286.76,"1,287.62","1,291.07","1,283.45",,-0.05%
2019-03-07,1285.74,"1,286.71","1,289.06","1,281.16",,-0.08%
2019-03-08,1298.39,"1,285.91","1,300.99","1,285.29",,0.98%
2019-03-11,1294.25,"1,298.70","1,299.27","1,290.15",,-0.32%
2019-03-12,1302.01,"1,293.71","1,302.19","1,292.06",,0.60%
2019-03-13,1309.28,"1,302.01","1,311.33","1,300.56",,0.56%
2019-03-14,1296.28,"1,309.61","1,310.46","1,292.75",,-0.99%
2019-03-15,1301.38,"1,295.74","1,306.58","1,293.66",,0.39%
2019-03-18,1303.7,"1,301.64","1,306.78","1,298.12",,0.18%
2019-03-19,1306.55,"1,303.45","1,311.07","1,302.45",,0.22%
2019-03-20,1312.48,"1,305.61","1,316.83","1,298.50",,0.45%
2019-03-21,1309.45,"1,312.64","1,320.47","1,303.25",,-0.23%
2019-03-22,1313.38,"1,309.14","1,315.08","1,306.81",,0.30%
2019-03-25,1321.9,"1,313.05","1,324.43","1,310.80",,0.65%
2019-03-26,1315.51,"1,321.51","1,323.24","1,312.51",,-0.48%
2019-03-27,1309.87,"1,315.81","1,319.57","1,308.07",,-0.43%
2019-03-28,1290.55,"1,309.85","1,312.63","1,288.70",,-1.47%
2019-03-29,1292.15,"1,290.14","1,299.82","1,286.60",,0.12%
2019-04-01,1287.66,"1,291.33","1,297.04","1,286.50",,-0.35%
2019-04-02,1293.15,"1,287.55","1,293.15","1,285.16",,0.43%
2019-04-03,1289.9,"1,292.21","1,294.67","1,288.20",,-0.25%
2019-04-04,1292.38,"1,289.95","1,294.36","1,280.84",,0.19%
2019-04-05,1291.7,"1,292.46","1,293.77","1,284.46",,-0.05%
2019-04-08,1297.41,"1,291.65","1,303.86","1,291.35",,0.44%
2019-04-09,1304.13,"1,297.24","1,306.34","1,296.55",,0.52%
2019-04-10,1308.05,"1,303.96","1,310.75","1,300.89",,0.30%
2019-04-11,1292.6,"1,307.95","1,309.36","1,289.45",,-1.18%
2019-04-12,1290.4,"1,292.30","1,296.05","1,290.11",,-0.17%
2019-04-15,1287.88,"1,290.45","1,292.01","1,282.21",,-0.20%
2019-04-16,1276.57,"1,287.91","1,289.00","1,273.10",,-0.88%
2019-04-17,1274.14,"1,276.86","1,280.06","1,272.93",,-0.19%
2019-04-18,1275.39,"1,273.38","1,277.95","1,271.02",,0.10%
2019-04-22,1274.92,"1,275.83","1,279.96","1,273.45",,-0.04%
2019-04-23,1272.4,"1,275.26","1,276.66","1,266.15",,-0.20%
2019-04-24,1275.36,"1,272.31","1,278.74","1,268.55",,0.23%
2019-04-25,1277.35,"1,275.60","1,282.78","1,273.50",,0.16%
2019-04-26,1286.25,"1,277.42","1,288.99","1,276.05",,0.70%
2019-04-29,1279.8,"1,286.40","1,286.81","1,277.78",,-0.50%
2019-04-30,1283.6,"1,279.98","1,286.39","1,279.54",,0.30%
2019-05-01,1276.61,"1,283.46","1,287.21","1,272.99",,-0.54%
2019-05-02,1270.54,"1,276.81","1,278.18","1,266.10",,-0.48%
2019-05-03,1279.19,"1,270.61","1,282.67","1,268.81",,0.68%
2019-05-06,1280.33,"1,281.06","1,285.76","1,276.60",,0.09%
2019-05-07,1285.15,"1,281.55","1,286.74","1,278.50",,0.38%
2019-05-08,1280.93,"1,284.16","1,291.79","1,279.35",,-0.33%
2019-05-09,1284.14,"1,280.49","1,288.52","1,279.41",,0.25%
2019-05-10,1286.0,"1,284.36","1,289.73","1,283.21",,0.14%
2019-05-13,1299.9,"1,286.56","1,301.35","1,281.60",,1.08%
2019-05-14,1297.03,"1,300.11","1,303.51","1,293.33",,-0.22%
2019-05-15,1296.66,"1,297.17","1,301.02","1,292.70",,-0.03%
2019-05-16,1286.65,"1,296.75","1,298.92","1,283.95",,-0.77%
2019-05-17,1277.55,"1,286.50","1,289.29","1,274.91",,-0.71%
2019-05-20,1277.74,"1,277.80","1,279.14","1,273.47",,0.01%
2019-05-21,1274.97,"1,277.95","1,278.06","1,269.22",,-0.22%
2019-05-22,1273.62,"1,274.61","1,277.42","1,272.15",,-0.11%
2019-05-23,1283.45,"1,273.80","1,287.63","1,272.58",,0.77%
2019-05-24,1284.89,"1,283.40","1,285.42","1,280.45",,0.11%
2019-05-27,1285.2,"1,285.80","1,287.72","1,283.80",,0.02%
2019-05-28,1279.49,"1,285.59","1,286.86","1,276.07",,-0.44%
2019-05-29,1279.6,"1,279.71","1,285.77","1,278.87",,0.01%
2019-05-30,1288.85,"1,279.71","1,289.22","1,274.79",,0.72%
2019-05-31,1305.65,"1,288.35","1,307.04","1,288.09",,1.30%
2019-06-03,1325.17,"1,307.55","1,328.30","1,306.70",,1.50%
2019-06-04,1325.28,"1,325.05","1,329.38","1,319.98",,0.01%
2019-06-05,1330.18,"1,325.50","1,344.26","1,324.60",,0.37%
2019-06-06,1335.55,"1,332.36","1,340.43","1,327.80",,0.40%
2019-06-07,1340.7,"1,335.60","1,348.48","1,330.08",,0.39%
2019-06-10,1328.13,"1,335.96","1,337.84","1,324.90",,-0.94%
2019-06-11,1326.91,"1,328.26","1,330.06","1,319.60",,-0.09%
2019-06-12,1333.55,"1,326.78","1,338.62","1,326.18",,0.50%
2019-06-13,1342.35,"1,334.00","1,343.43","1,332.27",,0.66%
2019-06-14,1341.58,"1,341.55","1,358.29","1,337.83",,-0.06%
2019-06-17,1339.54,"1,341.91","1,343.38","1,332.70",,-0.15%
2019-06-18,1346.48,"1,340.09","1,354.60","1,338.65",,0.52%
2019-06-19,1360.27,"1,346.56","1,362.50","1,341.15",,1.02%
2019-06-20,1388.18,"1,360.36","1,393.24","1,357.80",,2.05%
2019-06-21,1399.05,"1,388.22","1,411.18","1,382.40",,0.78%
2019-06-24,1419.55,"1,401.35","1,421.30","1,400.48",,1.47%
2019-06-25,1423.25,"1,419.17","1,439.03","1,412.30",,0.26%
2019-06-26,1408.75,"1,423.91","1,424.06","1,402.38",,-1.02%
2019-06-27,1409.68,"1,409.56","1,412.00","1,400.25",,0.07%
2019-06-28,1409.5,"1,409.56","1,424.64","1,406.81",,-0.01%
2019-07-01,1384.31,"1,392.83","1,397.56","1,381.76",,-1.79%
2019-07-02,1418.44,"1,383.40","1,419.72","1,383.40",,2.47%
2019-07-03,1418.94,"1,419.95","1,436.39","1,412.48",,0.04%
2019-07-04,1415.64,"1,419.80","1,422.00","1,410.59",,-0.23%
2019-07-05,1399.95,"1,415.81","1,424.36","1,386.92",,-1.11%
2019-07-08,1395.5,"1,399.95","1,407.90","1,391.75",,-0.32%
2019-07-09,1397.9,"1,395.30","1,399.90","1,386.21",,0.17%
2019-07-10,1419.0,"1,397.80","1,419.20","1,389.75",,1.51%
2019-07-11,1404.0,"1,419.40","1,426.40","1,401.60",,-1.06%
2019-07-12,1415.74,"1,403.85","1,416.88","1,403.06",,0.84%
2019-07-15,1414.08,"1,415.90","1,419.75","1,407.76",,-0.12%
2019-07-16,1406.33,"1,414.69","1,418.43","1,401.18",,-0.55%
2019-07-17,1426.8,"1,406.41","1,427.00","1,399.95",,1.46%
2019-07-18,1446.3,"1,426.90","1,448.30","1,414.66",,1.37%
2019-07-19,1425.3,"1,446.38","1,452.98","1,420.29",,-1.45%
2019-07-22,1425.12,"1,425.15","1,429.83","1,422.35",,-0.01%
2019-07-23,1417.39,"1,425.15","1,429.25","1,414.20",,-0.54%
2019-07-24,1425.9,"1,417.26","1,429.30","1,416.20",,0.60%
2019-07-25,1414.53,"1,426.60","1,433.86","1,411.17",,-0.80%
2019-07-26,1418.69,"1,414.59","1,424.80","1,413.77",,0.29%
2019-07-29,1426.94,"1,419.04","1,428.25","1,416.86",,0.58%
2019-07-30,1430.85,"1,426.71","1,433.03","1,421.91",,0.27%
2019-07-31,1413.8,"1,430.91","1,432.94","1,411.35",,-1.19%
2019-08-01,1445.31,"1,411.21","1,445.81","1,400.56",,2.23%
2019-08-02,1440.7,"1,445.66","1,448.05","1,430.08",,-0.32%
2019-08-05,1463.8,"1,440.60","1,469.80","1,436.90",,1.60%
2019-08-06,1474.27,"1,464.20","1,475.21","1,456.65",,0.72%
2019-08-07,1501.2,"1,474.25","1,510.40","1,472.36",,1.83%
2019-08-08,1500.95,"1,501.95","1,510.35","1,490.74",,-0.02%
2019-08-09,1497.24,"1,501.40","1,508.40","1,494.62",,-0.25%
2019-08-12,1511.4,"1,497.51","1,517.71","1,487.68",,0.95%
2019-08-13,1501.39,"1,510.61","1,534.56","1,481.31",,-0.66%
2019-08-14,1516.34,"1,501.38","1,524.10","1,494.25",,1.00%
2019-08-15,1523.2,"1,516.74","1,526.76","1,508.25",,0.45%
2019-08-16,1514.15,"1,524.00","1,527.80","1,504.20",,-0.59%
2019-08-19,1495.3,"1,511.00","1,512.90","1,492.40",,-1.24%
2019-08-20,1507.1,"1,495.55","1,508.39","1,492.75",,0.79%
2019-08-21,1502.3,"1,507.70","1,508.40","1,496.10",,-0.32%
2019-08-22,1498.8,"1,502.10","1,504.60","1,491.70",,-0.23%
2019-08-23,1526.85,"1,499.55","1,530.43","1,493.45",,1.87%
2019-08-26,1526.35,"1,539.25","1,554.91","1,524.55",,-0.03%
2019-08-27,1542.64,"1,526.25","1,544.63","1,524.75",,1.07%
2019-08-28,1539.1,"1,541.69","1,547.10","1,531.50",,-0.23%
2019-08-29,1527.7,"1,539.20","1,550.70","1,519.40",,-0.74%
2019-08-30,1520.25,"1,527.60","1,533.40","1,517.51",,-0.49%
2019-09-02,1530.59,"1,520.05","1,533.77","1,519.05",,0.68%
2019-09-03,1547.0,"1,529.60","1,549.80","1,521.40",,1.07%
2019-09-04,1552.6,"1,547.05","1,557.25","1,533.68",,0.36%
2019-09-05,1519.35,"1,552.45","1,553.25","1,509.28",,-2.14%
2019-09-06,1506.95,"1,519.25","1,527.70","1,502.75",,-0.82%
2019-09-09,1498.95,"1,507.10","1,515.50","1,497.60",,-0.53%
2019-09-10,1486.4,"1,499.60","1,501.90","1,484.80",,-0.84%
2019-09-11,1497.6,"1,486.45","1,498.41","1,484.90",,0.75%
2019-09-12,1498.95,"1,497.45","1,523.86","1,488.65",,0.09%
2019-09-13,1488.7,"1,498.45","1,509.06","1,485.51",,-0.68%
2019-09-16,1498.8,"1,503.59","1,512.81","1,496.20",,0.68%
2019-09-17,1503.1,"1,499.45","1,507.90","1,493.90",,0.29%
2019-09-18,1493.9,"1,501.40","1,511.25","1,484.41",,-0.61%
2019-09-19,1499.2,"1,493.60","1,504.20","1,488.80",,0.35%
2019-09-20,1517.15,"1,499.60","1,517.21","1,498.00",,1.20%
2019-09-23,1522.12,"1,516.65","1,527.05","1,511.35",,0.33%
2019-09-24,1532.3,"1,522.50","1,536.10","1,515.95",,0.67%
2019-09-25,1504.15,"1,531.60","1,535.40","1,501.41",,-1.84%
2019-09-26,1505.8,"1,503.89","1,512.60","1,501.74",,0.11%
2019-09-27,1496.94,"1,506.18","1,507.79","1,486.98",,-0.59%
2019-09-30,1472.25,"1,497.08","1,500.50","1,464.24",,-1.65%
2019-10-01,1478.98,"1,472.30","1,487.42","1,458.90",,0.46%
2019-10-02,1499.51,"1,479.19","1,504.98","1,474.25",,1.39%
2019-10-03,1505.0,"1,499.55","1,518.75","1,495.85",,0.37%
2019-10-04,1504.6,"1,505.19","1,510.94","1,497.01",,-0.03%
2019-10-07,1493.6,"1,504.76","1,509.47","1,489.94",,-0.73%
2019-10-08,1505.51,"1,493.40","1,508.56","1,487.49",,0.80%
2019-10-09,1505.7,"1,506.06","1,511.60","1,499.70",,0.01%
2019-10-10,1494.3,"1,505.60","1,517.07","1,491.40",,-0.76%
2019-10-11,1489.85,"1,494.46","1,503.49","1,474.30",,-0.30%
2019-10-14,1492.9,"1,488.60","1,497.10","1,482.60",,0.20%
2019-10-15,1481.17,"1,493.25","1,497.99","1,477.46",,-0.79%
2019-10-16,1489.77,"1,481.28","1,491.60","1,477.05",,0.58%
2019-10-17,1491.89,"1,490.40","1,497.43","1,483.35",,0.14%
2019-10-18,1490.1,"1,492.32","1,494.33","1,484.80",,-0.12%
2019-10-21,1484.5,"1,492.02","1,495.31","1,481.75",,-0.38%
2019-10-22,1488.05,"1,484.66","1,489.17","1,480.84",,0.24%
2019-10-23,1492.1,"1,488.20","1,496.24","1,487.49",,0.27%
2019-10-24,1503.65,"1,492.30","1,504.21","1,488.02",,0.77%
2019-10-25,1504.73,"1,504.75","1,518.10","1,500.55",,0.07%
2019-10-28,1492.69,"1,504.21","1,508.36","1,489.65",,-0.80%
2019-10-29,1487.6,"1,492.64","1,495.00","1,483.71",,-0.34%
2019-10-30,1495.4,"1,487.60","1,496.80","1,481.02",,0.52%
2019-10-31,1513.36,"1,496.39","1,514.39","1,493.64",,1.20%
2019-11-01,1513.95,"1,513.53","1,515.81","1,503.30",,0.04%
2019-11-04,1509.63,"1,513.80","1,514.93","1,504.46",,-0.29%
2019-11-05,1484.1,"1,509.64","1,509.90","1,479.35",,-1.69%
2019-11-06,1490.46,"1,484.10","1,494.30","1,482.21",,0.43%
2019-11-07,1468.07,"1,490.29","1,492.32","1,461.00",,-1.50%
2019-11-08,1458.66,"1,468.01","1,473.25","1,456.05",,-0.64%
2019-11-11,1455.9,"1,458.96","1,466.59","1,448.14",,-0.19%
2019-11-12,1457.19,"1,455.79","1,460.32","1,445.43",,0.09%
2019-11-13,1463.19,"1,457.19","1,467.14","1,455.90",,0.41%
2019-11-14,1471.2,"1,463.18","1,474.48","1,460.76",,0.55%
2019-11-15,1467.37,"1,471.20","1,471.43","1,462.05",,-0.26%
2019-11-18,1470.85,"1,467.51","1,474.10","1,455.97",,0.24%
2019-11-19,1472.38,"1,470.85","1,475.50","1,464.30",,0.10%
2019-11-20,1471.25,"1,472.39","1,478.90","1,465.66",,-0.08%
2019-11-21,1464.4,"1,471.40","1,475.85","1,462.43",,-0.47%
2019-11-22,1462.29,"1,464.40","1,473.15","1,461.00",,-0.14%
2019-11-25,1454.97,"1,462.14","1,462.14","1,453.50",,-0.50%
2019-11-26,1461.6,"1,455.28","1,463.06","1,450.70",,0.46%
2019-11-27,1454.35,"1,461.35","1,461.82","1,452.20",,-0.50%
2019-11-28,1458.34,"1,456.85","1,458.45","1,454.19",,0.27%
2019-11-29,1464.8,"1,456.70","1,467.21","1,453.38",,0.44%
2019-12-02,1462.44,"1,466.73","1,466.73","1,453.70",,-0.16%
2019-12-03,1477.34,"1,462.50","1,481.90","1,458.87",,1.02%
2019-12-04,1474.35,"1,477.21","1,484.25","1,471.21",,-0.20%
2019-12-05,1475.7,"1,474.06","1,480.50","1,472.60",,0.09%
2019-12-06,1459.76,"1,475.85","1,477.15","1,458.42",,-1.08%
2019-12-09,1461.99,"1,459.19","1,465.50","1,458.55",,0.15%
2019-12-10,1464.21,"1,462.08","1,469.24","1,459.55",,0.15%
2019-12-11,1474.85,"1,464.04","1,478.90","1,462.14",,0.73%
2019-12-12,1469.43,"1,474.85","1,486.90","1,464.45",,-0.37%
2019-12-13,1475.81,"1,469.62","1,478.00","1,462.41",,0.43%
2019-12-16,1476.25,"1,475.45","1,479.86","1,472.80",,0.03%
2019-12-17,1476.45,"1,476.25","1,480.61","1,474.06",,0.01%
2019-12-18,1475.44,"1,476.45","1,479.39","1,470.10",,-0.07%
2019-12-19,1479.15,"1,475.29","1,481.90","1,472.60",,0.25%
2019-12-20,1478.2,"1,479.29","1,481.06","1,475.50",,-0.06%
2019-12-23,1485.52,"1,478.20","1,486.16","1,477.50",,0.50%
2019-12-24,1499.56,"1,486.07","1,501.08","1,484.96",,0.95%
2019-12-25,1499.55,"1,499.55","1,499.55","1,499.55",,0.00%
2019-12-26,1511.55,"1,499.41","1,512.55","1,497.45",,0.80%
2019-12-27,1510.67,"1,511.55","1,515.34","1,506.73",,-0.06%
2019-12-30,1515.22,"1,511.49","1,516.30","1,509.96",,0.30%
2019-12-31,1517.39,"1,515.51","1,525.59","1,514.79",,0.14%
2020-01-01,1517.3,"1,517.26","1,517.48","1,517.20",,-0.01%
2020-01-02,1528.94,"1,517.13","1,531.30","1,517.09",,0.77%
2020-01-03,1551.65,"1,529.11","1,553.45","1,527.95",,1.49%
2020-01-06,1565.96,"1,560.59","1,582.69","1,560.59",,0.92%
2020-01-07,1573.99,"1,565.93","1,577.38","1,555.10",,0.51%
2020-01-08,1555.81,"1,573.99","1,611.00","1,551.97",,-1.16%
2020-01-09,1552.37,"1,555.76","1,561.33","1,539.88",,-0.22%
2020-01-10,1562.28,"1,552.26","1,563.19","1,545.32",,0.64%
2020-01-13,1548.3,"1,562.29","1,562.30","1,546.52",,-0.89%
2020-01-14,1546.37,"1,548.31","1,548.80","1,535.88",,-0.12%
2020-01-15,1556.19,"1,546.26","1,558.23","1,546.01",,0.64%
2020-01-16,1552.79,"1,556.17","1,558.14","1,547.85",,-0.22%
2020-01-17,1556.61,"1,552.90","1,561.30","1,549.26",,0.25%
2020-01-20,1561.58,"1,558.56","1,562.81","1,556.35",,0.32%
2020-01-21,1558.02,"1,560.85","1,568.65","1,546.25",,-0.23%
2020-01-22,1558.91,"1,558.03","1,559.35","1,549.81",,0.06%
2020-01-23,1563.33,"1,558.93","1,567.94","1,551.29",,0.28%
2020-01-24,1570.65,"1,563.29","1,575.76","1,556.16",,0.47%
2020-01-27,1581.95,"1,579.99","1,586.72","1,575.59",,0.72%
2020-01-28,1566.24,"1,582.05","1,583.17","1,565.64",,-0.99%
2020-01-29,1577.12,"1,566.21","1,577.96","1,563.10",,0.69%
2020-01-30,1574.22,"1,576.98","1,585.97","1,572.49",,-0.18%
2020-01-31,1590.2,"1,574.27","1,590.20","1,570.84",,1.02%
2020-02-03,1576.45,"1,589.85","1,591.86","1,571.26",,-0.86%
2020-02-04,1552.55,"1,576.30","1,579.54","1,548.99",,-1.52%
2020-02-05,1556.7,"1,552.57","1,562.31","1,547.20",,0.27%
2020-02-06,1566.85,"1,556.88","1,568.29","1,552.24",,0.65%
2020-02-07,1570.29,"1,566.96","1,574.05","1,562.38",,0.22%
2020-02-10,1572.3,"1,569.94","1,577.16","1,568.01",,0.13%
2020-02-11,1567.72,"1,572.01","1,573.96","1,562.18",,-0.29%
2020-02-12,1565.63,"1,567.73","1,570.48","1,561.46",,-0.13%
2020-02-13,1576.39,"1,565.62","1,578.11","1,565.43",,0.69%
2020-02-14,1584.7,"1,576.29","1,585.04","1,573.15",,0.53%
2020-02-17,1581.1,"1,584.75","1,584.86","1,578.40",,-0.23%
2020-02-18,1601.91,"1,583.31","1,605.35","1,582.96",,1.32%
2020-02-19,1611.64,"1,601.80","1,612.91","1,599.49",,0.61%
2020-02-20,1619.7,"1,611.71","1,623.74","1,603.89",,0.50%
2020-02-21,1643.7,"1,619.79","1,649.14","1,618.99",,1.48%
2020-02-24,1660.72,"1,658.96","1,688.96","1,652.30",,1.04%
2020-02-25,1635.38,"1,660.72","1,660.85","1,629.01",,-1.53%
2020-02-26,1639.96,"1,635.46","1,655.07","1,625.72",,0.28%
2020-02-27,1642.35,"1,640.56","1,660.44","1,635.66",,0.15%
2020-02-28,1585.12,"1,642.14","1,649.49","1,565.86",,-3.48%
2020-03-02,1590.73,"1,590.99","1,610.78","1,579.54",,0.35%
2020-03-03,1639.77,"1,590.78","1,649.50","1,587.79",,3.08%
2020-03-04,1635.83,"1,639.85","1,651.68","1,631.99",,-0.24%
2020-03-05,1670.61,"1,635.83","1,674.66","1,634.92",,2.13%
2020-03-06,1674.23,"1,670.66","1,692.11","1,647.98",,0.22%
2020-03-09,1680.2,"1,694.60","1,703.16","1,657.96",,0.36%
2020-03-10,1649.36,"1,678.90","1,680.36","1,642.11",,-1.84%
2020-03-11,1635.03,"1,649.69","1,670.97","1,632.90",,-0.87%
2020-03-12,1577.09,"1,634.69","1,650.13","1,560.96",,-3.54%
2020-03-13,1529.7,"1,576.83","1,597.72","1,506.73",,-3.00%
2020-03-16,1514.61,"1,550.59","1,573.49","1,451.68",,-0.99%
2020-03-17,1528.58,"1,512.05","1,553.11","1,465.60",,0.92%
2020-03-18,1486.3,"1,527.30","1,546.05","1,472.60",,-2.77%
2020-03-19,1471.0,"1,486.10","1,501.61","1,464.75",,-1.03%
2020-03-20,1498.24,"1,470.39","1,516.43","1,460.49",,1.85%
2020-03-23,1553.81,"1,508.25","1,561.76","1,485.40",,3.71%
2020-03-24,1622.03,"1,565.36","1,644.35","1,564.77",,4.39%
2020-03-25,1613.79,"1,618.79","1,636.29","1,584.18",,-0.51%
2020-03-26,1632.38,"1,620.16","1,645.80","1,595.81",,1.15%
2020-03-27,1623.5,"1,634.99","1,640.76","1,614.75",,-0.54%
2020-03-30,1623.3,"1,617.38","1,635.59","1,607.63",,-0.01%
2020-03-31,1571.31,"1,612.25","1,623.52","1,562.25",,-3.20%
2020-04-01,1595.05,"1,569.45","1,604.12","1,568.91",,1.51%
2020-04-02,1613.79,"1,590.75","1,621.27","1,576.43",,1.17%
2020-04-03,1618.45,"1,609.99","1,627.04","1,607.00",,0.29%
2020-04-06,1663.0,"1,596.80","1,669.76","1,596.80",,2.75%
2020-04-07,1648.95,"1,662.38","1,671.88","1,641.06",,-0.84%
2020-04-08,1646.52,"1,645.94","1,657.06","1,641.15",,-0.15%
2020-04-09,1684.07,"1,644.28","1,690.29","1,642.34",,2.28%
2020-04-10,1689.9,"1,675.00","1,696.50","1,675.00",,0.35%
2020-04-13,1714.32,"1,682.25","1,722.36","1,672.95",,1.45%
2020-04-14,1729.7,"1,714.09","1,748.50","1,709.10",,0.90%
2020-04-15,1716.6,"1,729.43","1,731.43","1,706.99",,-0.76%
2020-04-16,1718.4,"1,716.29","1,738.74","1,706.92",,0.10%
2020-04-17,1684.69,"1,713.49","1,718.69","1,678.52",,-1.96%
2020-04-20,1694.12,"1,691.44","1,703.02","1,671.74",,0.56%
2020-04-21,1687.02,"1,694.22","1,698.48","1,660.99",,-0.42%
2020-04-22,1714.82,"1,686.47","1,719.66","1,680.05",,1.65%
2020-04-23,1731.59,"1,713.00","1,738.84","1,704.05",,0.98%
2020-04-24,1729.43,"1,733.32","1,737.89","1,710.63",,-0.12%
2020-04-27,1715.57,"1,724.86","1,727.82","1,705.82",,-0.80%
2020-04-28,1708.63,"1,716.19","1,716.19","1,691.80",,-0.40%
2020-04-29,1712.38,"1,708.72","1,717.52","1,697.72",,0.22%
2020-04-30,1685.05,"1,715.22","1,726.14","1,684.16",,-1.60%
2020-05-01,1700.41,"1,685.24","1,706.21","1,669.82",,0.91%
2020-05-04,1701.69,"1,697.26","1,712.00","1,690.96",,0.08%
2020-05-05,1707.17,"1,701.78","1,712.60","1,691.13",,0.32%
2020-05-06,1685.88,"1,705.77","1,707.85","1,681.34",,-1.25%
2020-05-07,1717.94,"1,686.08","1,722.02","1,681.96",,1.90%
2020-05-08,1702.65,"1,717.46","1,724.56","1,701.61",,-0.89%
2020-05-11,1697.35,"1,703.76","1,713.67","1,691.56",,-0.31%
2020-05-12,1702.72,"1,696.25","1,711.04","1,692.28",,0.32%
2020-05-13,1715.99,"1,701.21","1,718.33","1,697.92",,0.78%
2020-05-14,1730.65,"1,715.01","1,737.34","1,710.39",,0.85%
2020-05-15,1743.0,"1,731.13","1,753.25","1,728.52",,0.71%
2020-05-18,1732.32,"1,742.93","1,764.81","1,726.26",,-0.61%
2020-05-19,1745.11,"1,733.37","1,748.77","1,725.83",,0.74%
2020-05-20,1749.5,"1,744.44","1,754.08","1,740.91",,0.25%
2020-05-21,1726.34,"1,750.18","1,750.64","1,717.56",,-1.32%
2020-05-22,1736.07,"1,725.26","1,741.51","1,724.29",,0.56%
2020-05-25,1729.57,"1,734.73","1,735.57","1,720.47",,-0.37%
2020-05-26,1712.45,"1,729.65","1,736.29","1,708.31",,-0.99%
2020-05-27,1709.25,"1,712.03","1,715.77","1,693.60",,-0.19%
2020-05-28,1719.4,"1,709.68","1,727.69","1,707.19",,0.59%
2020-05-29,1728.3,"1,721.70","1,738.99","1,713.79",,0.52%
2020-06-01,1740.34,"1,736.42","1,744.52","1,727.03",,0.70%
2020-06-02,1727.97,"1,740.93","1,745.54","1,721.52",,-0.71%
2020-06-03,1698.63,"1,728.97","1,732.92","1,690.01",,-1.70%
2020-06-04,1711.84,"1,699.11","1,722.22","1,697.40",,0.78%
2020-06-05,1685.83,"1,711.20","1,716.39","1,670.75",,-1.52%
2020-06-08,1695.47,"1,684.16","1,701.27","1,677.61",,0.57%
2020-06-09,1714.57,"1,700.25","1,720.75","1,691.92",,1.13%
2020-06-10,1737.1,"1,714.33","1,740.29","1,708.83",,1.31%
2020-06-11,1727.51,"1,737.11","1,744.72","1,721.34",,-0.55%
2020-06-12,1730.8,"1,728.32","1,743.59","1,723.12",,0.19%
2020-06-15,1725.53,"1,732.35","1,734.78","1,704.76",,-0.30%
2020-06-16,1727.46,"1,725.79","1,733.06","1,715.93",,0.11%
2020-06-17,1727.04,"1,727.34","1,730.62","1,713.37",,-0.02%
2020-06-18,1722.99,"1,725.57","1,736.87","1,717.28",,-0.23%
2020-06-19,1743.62,"1,723.16","1,745.68","1,721.36",,1.20%
2020-06-22,1755.44,"1,749.00","1,763.82","1,743.78",,0.68%
2020-06-23,1767.54,"1,756.03","1,771.69","1,747.90",,0.69%
2020-06-24,1762.43,"1,769.09","1,780.06","1,761.09",,-0.29%
2020-06-25,1761.82,"1,759.76","1,768.84","1,755.23",,-0.03%
2020-06-26,1771.47,"1,762.35","1,772.36","1,748.04",,0.55%
2020-06-29,1772.28,"1,773.27","1,775.86","1,766.07",,0.05%
2020-06-30,1781.66,"1,771.77","1,786.46","1,765.77",,0.53%
2020-07-01,1770.32,"1,780.91","1,789.27","1,759.02",,-0.64%
2020-07-02,1776.13,"1,769.60","1,780.21","1,757.85",,0.33%
2020-07-03,1775.05,"1,774.03","1,777.01","1,772.03",,-0.06%
2020-07-06,1783.9,"1,776.24","1,786.98","1,770.09",,0.50%
2020-07-07,1795.26,"1,784.57","1,797.93","1,774.37",,0.64%
2020-07-08,1810.78,"1,794.93","1,818.37","1,791.82",,0.86%
2020-07-09,1803.19,"1,810.68","1,815.99","1,795.76",,-0.42%
2020-07-10,1798.89,"1,801.71","1,810.94","1,794.47",,-0.24%
2020-07-13,1803.39,"1,798.69","1,813.65","1,797.94",,0.25%
2020-07-14,1807.78,"1,802.77","1,810.94","1,791.02",,0.24%
2020-07-15,1811.9,"1,808.14","1,815.00","1,802.91",,0.23%
2020-07-16,1797.05,"1,811.72","1,813.41","1,795.10",,-0.82%
2020-07-17,1809.9,"1,797.30","1,812.59","1,795.11",,0.72%
2020-07-20,1816.09,"1,809.28","1,820.76","1,805.70",,0.34%
2020-07-21,1842.22,"1,815.53","1,843.75","1,815.44",,1.44%
2020-07-22,1872.07,"1,841.89","1,872.41","1,840.25",,1.62%
2020-07-23,1887.44,"1,871.97","1,898.49","1,862.38",,0.82%
2020-07-24,1901.46,"1,886.83","1,906.47","1,881.58",,0.74%
2020-07-27,1942.42,"1,899.29","1,945.71","1,899.29",,2.15%
2020-07-28,1959.5,"1,942.22","1,981.14","1,907.69",,0.88%
2020-07-29,1970.73,"1,959.71","1,980.67","1,944.96",,0.57%
2020-07-30,1960.5,"1,970.89","1,972.25","1,940.17",,-0.52%
2020-07-31,1975.89,"1,960.96","1,981.11","1,955.99",,0.79%
2020-08-03,1977.25,"1,980.43","1,985.22","1,960.15",,0.07%
2020-08-04,2018.52,"1,976.45","2,019.96","1,968.38",,2.09%
2020-08-05,2040.4,"2,018.98","2,056.10","2,010.33",,1.08%
2020-08-06,2063.81,"2,040.03","2,069.84","2,034.83",,1.15%
2020-08-07,2035.03,"2,064.52","2,072.90","2,015.48",,-1.39%
2020-08-10,2027.77,"2,033.71","2,050.10","2,019.42",,-0.36%
2020-08-11,1911.64,"2,027.11","2,031.59","1,901.57",,-5.73%
2020-08-12,1918.07,"1,911.26","1,949.26","1,863.92",,0.34%
2020-08-13,1954.0,"1,920.87","1,966.83","1,913.42",,1.87%
2020-08-14,1944.29,"1,953.98","1,962.62","1,932.46",,-0.50%
2020-08-17,1986.2,"1,946.22","1,990.91","1,929.74",,2.16%
2020-08-18,2001.2,"1,985.47","2,015.23","1,977.56",,0.76%
2020-08-19,1929.82,"2,001.22","2,006.51","1,924.63",,-3.57%
2020-08-20,1943.6,"1,929.28","1,955.99","1,925.47",,0.71%
2020-08-21,1940.16,"1,946.96","1,956.37","1,911.76",,-0.18%
2020-08-24,1933.09,"1,938.63","1,962.04","1,924.28",,-0.36%
2020-08-25,1928.19,"1,932.66","1,937.55","1,914.31",,-0.25%
2020-08-26,1954.03,"1,928.66","1,955.15","1,902.81",,1.34%
2020-08-27,1929.2,"1,953.35","1,976.32","1,909.96",,-1.27%
2020-08-28,1964.89,"1,929.44","1,973.81","1,923.71",,1.85%
2020-08-31,1970.15,"1,965.39","1,976.53","1,954.55",,0.27%
2020-09-01,1970.49,"1,967.58","1,992.26","1,963.22",,0.02%
2020-09-02,1942.98,"1,969.71","1,974.41","1,932.75",,-1.40%
2020-09-03,1930.85,"1,943.00","1,951.15","1,921.95",,-0.62%
2020-09-04,1932.85,"1,931.51","1,942.25","1,916.64",,0.10%
2020-09-07,1929.18,"1,930.35","1,941.45","1,924.43",,-0.19%
2020-09-08,1931.26,"1,929.14","1,940.80","1,906.57",,0.11%
2020-09-09,1946.66,"1,932.26","1,950.95","1,920.20",,0.80%
2020-09-10,1954.07,"1,946.06","1,966.50","1,941.42",,0.38%
2020-09-11,1941.5,"1,955.20","1,957.95","1,937.42",,-0.64%
2020-09-14,1956.37,"1,941.05","1,962.52","1,937.46",,0.77%
2020-09-15,1955.52,"1,957.31","1,972.35","1,948.64",,-0.04%
2020-09-16,1959.32,"1,956.19","1,973.63","1,949.89",,0.19%
2020-09-17,1942.6,"1,959.99","1,963.48","1,932.99",,-0.85%
2020-09-18,1949.69,"1,943.87","1,960.20","1,941.79",,0.37%
2020-09-21,1912.57,"1,949.55","1,955.75","1,883.21",,-1.90%
2020-09-22,1899.28,"1,912.80","1,919.99","1,894.93",,-0.69%
2020-09-23,1863.55,"1,900.20","1,905.56","1,855.77",,-1.88%
2020-09-24,1868.04,"1,863.42","1,877.30","1,848.45",,0.24%
2020-09-25,1860.05,"1,868.61","1,875.28","1,852.59",,-0.43%
2020-09-28,1880.85,"1,859.00","1,883.39","1,849.19",,1.12%
2020-09-29,1897.69,"1,881.40","1,899.24","1,875.56",,0.90%
2020-09-30,1885.44,"1,897.81","1,902.39","1,881.31",,-0.65%
2020-10-01,1905.05,"1,885.80","1,912.09","1,884.48",,1.04%
2020-10-02,1898.7,"1,905.65","1,917.28","1,889.57",,-0.33%
2020-10-05,1912.9,"1,902.24","1,918.74","1,886.81",,0.75%
2020-10-06,1877.13,"1,913.28","1,921.10","1,874.57",,-1.87%
2020-10-07,1887.22,"1,878.84","1,898.31","1,873.05",,0.54%
2020-10-08,1893.09,"1,887.40","1,900.73","1,881.86",,0.31%
2020-10-09,1929.43,"1,894.19","1,930.83","1,893.32",,1.92%
2020-10-12,1921.95,"1,930.50","1,933.45","1,918.19",,-0.39%
2020-10-13,1890.82,"1,922.42","1,925.73","1,886.59",,-1.62%
2020-10-14,1900.89,"1,891.90","1,913.03","1,882.44",,0.53%
2020-10-15,1907.82,"1,900.31","1,909.22","1,889.46",,0.36%
2020-10-16,1898.97,"1,907.95","1,914.06","1,897.59",,-0.46%
2020-10-19,1904.27,"1,899.94","1,918.59","1,897.09",,0.28%
2020-10-20,1906.39,"1,904.24","1,914.20","1,894.74",,0.11%
2020-10-21,1924.49,"1,908.65","1,931.41","1,907.94",,0.95%
2020-10-22,1904.04,"1,924.34","1,926.00","1,894.80",,-1.06%
2020-10-23,1900.79,"1,904.24","1,914.30","1,894.54",,-0.17%
2020-10-26,1901.69,"1,902.34","1,908.55","1,890.90",,0.05%
2020-10-27,1906.83,"1,902.19","1,911.34","1,897.47",,0.27%
2020-10-28,1877.06,"1,908.05","1,911.03","1,869.59",,-1.56%
2020-10-29,1867.13,"1,876.94","1,885.42","1,859.67",,-0.53%
2020-10-30,1877.95,"1,868.24","1,889.85","1,864.64",,0.58%
2020-11-02,1895.1,"1,878.59","1,896.12","1,873.21",,0.91%
2020-11-03,1908.36,"1,895.80","1,910.71","1,886.81",,0.70%
2020-11-04,1903.21,"1,908.59","1,916.68","1,883.15",,-0.27%
2020-11-05,1948.56,"1,903.65","1,952.95","1,902.43",,2.38%
2020-11-06,1951.51,"1,949.24","1,960.77","1,935.40",,0.15%
2020-11-09,1861.86,"1,954.65","1,965.92","1,850.36",,-4.59%
2020-11-10,1876.5,"1,862.15","1,890.60","1,860.30",,0.79%
2020-11-11,1864.71,"1,877.34","1,884.93","1,856.05",,-0.63%
2020-11-12,1875.76,"1,865.30","1,883.88","1,862.46",,0.59%
2020-11-13,1888.04,"1,876.44","1,897.16","1,873.76",,0.65%
2020-11-16,1888.52,"1,888.74","1,899.35","1,864.74",,0.03%
2020-11-17,1878.6,"1,889.15","1,893.90","1,877.69",,-0.52%
2020-11-18,1871.41,"1,878.60","1,884.92","1,863.94",,-0.38%
2020-11-19,1867.37,"1,871.44","1,874.34","1,852.48",,-0.22%
2020-11-20,1870.49,"1,867.59","1,879.98","1,860.66",,0.17%
2020-11-23,1835.85,"1,869.84","1,876.72","1,830.85",,-1.85%
2020-11-24,1807.51,"1,836.65","1,839.26","1,800.69",,-1.54%
2020-11-25,1805.3,"1,807.69","1,817.98","1,801.33",,-0.12%
2020-11-26,1810.57,"1,805.74","1,818.78","1,805.31",,0.29%
2020-11-27,1788.13,"1,811.09","1,813.81","1,773.93",,-1.24%
2020-11-30,1777.02,"1,789.05","1,789.99","1,764.69",,-0.62%
2020-12-01,1814.87,"1,777.40","1,817.55","1,775.52",,2.13%
2020-12-02,1831.01,"1,815.19","1,832.65","1,806.99",,0.89%
2020-12-03,1840.36,"1,831.34","1,844.45","1,823.60",,0.51%
2020-12-04,1837.61,"1,841.05","1,848.26","1,829.30",,-0.15%
2020-12-07,1863.69,"1,837.99","1,868.76","1,822.99",,1.42%
2020-12-08,1871.36,"1,863.55","1,875.79","1,859.83",,0.41%
2020-12-09,1839.11,"1,871.19","1,871.37","1,825.71",,-1.72%
2020-12-10,1835.31,"1,839.59","1,850.40","1,828.48",,-0.21%
2020-12-11,1839.03,"1,835.55","1,847.89","1,824.23",,0.20%
2020-12-14,1827.17,"1,839.30","1,839.86","1,819.92",,-0.64%
2020-12-15,1853.46,"1,827.80","1,855.76","1,825.29",,1.44%
2020-12-16,1864.15,"1,853.94","1,866.20","1,844.75",,0.58%
2020-12-17,1885.87,"1,864.26","1,896.26","1,861.83",,1.17%
2020-12-18,1880.66,"1,885.80","1,889.88","1,876.97",,-0.28%
2020-12-21,1876.21,"1,883.20","1,906.93","1,856.69",,-0.24%
2020-12-22,1859.56,"1,876.65","1,884.61","1,858.73",,-0.89%
2020-12-23,1872.08,"1,859.99","1,878.59","1,858.59",,0.67%
2020-12-24,1876.56,"1,872.74","1,882.55","1,869.52",,0.24%
2020-12-25,1875.82,"1,877.07","1,877.07","1,877.07",,-0.04%
2020-12-28,1871.19,"1,885.93","1,900.53","1,869.21",,-0.25%
2020-12-29,1877.99,"1,872.24","1,886.91","1,870.99",,0.36%
2020-12-30,1893.37,"1,878.34","1,894.06","1,875.66",,0.82%
2020-12-31,1896.49,"1,893.55","1,901.26","1,884.77",,0.16%
2021-01-01,1898.1,"1,897.69","1,899.12","1,897.39",,0.09%
2021-01-04,1942.28,"1,906.05","1,944.65","1,905.36",,2.33%
2021-01-05,1949.35,"1,942.65","1,953.17","1,934.08",,0.36%
2021-01-06,1918.81,"1,950.30","1,959.60","1,901.11",,-1.57%
2021-01-07,1912.5,"1,919.40","1,927.97","1,906.86",,-0.33%
2021-01-08,1848.26,"1,912.90","1,917.85","1,828.74",,-3.36%
2021-01-11,1844.66,"1,849.34","1,857.05","1,817.14",,-0.19%
2021-01-12,1855.63,"1,845.34","1,864.08","1,837.41",,0.59%
2021-01-13,1843.41,"1,856.19","1,863.26","1,843.34",,-0.66%
2021-01-14,1846.37,"1,843.94","1,857.59","1,833.21",,0.16%
2021-01-15,1826.59,"1,846.80","1,856.85","1,823.21",,-1.07%
2021-01-18,1836.89,"1,828.94","1,840.95","1,810.46",,0.56%
2021-01-19,1839.34,"1,838.09","1,845.98","1,833.06",,0.13%
2021-01-20,1870.91,"1,840.05","1,872.03","1,832.46",,1.72%
2021-01-21,1869.91,"1,871.07","1,875.45","1,858.16",,-0.05%
2021-01-22,1852.55,"1,870.09","1,871.17","1,837.09",,-0.93%
2021-01-25,1854.99,"1,855.75","1,868.45","1,847.30",,0.13%
2021-01-26,1850.31,"1,855.55","1,861.86","1,848.36",,-0.25%
2021-01-27,1843.99,"1,850.65","1,853.58","1,831.29",,-0.34%
2021-01-28,1840.36,"1,844.34","1,864.26","1,833.81",,-0.20%
2021-01-29,1846.09,"1,840.90","1,876.03","1,839.56",,0.31%
2021-02-01,1860.16,"1,863.05","1,871.84","1,849.04",,0.76%
2021-02-02,1837.35,"1,860.84","1,864.26","1,829.46",,-1.23%
2021-02-03,1833.76,"1,837.49","1,845.29","1,829.49",,-0.20%
2021-02-04,1792.26,"1,834.34","1,835.13","1,785.15",,-2.26%
2021-02-05,1811.62,"1,792.49","1,815.32","1,791.80",,1.08%
2021-02-08,1830.16,"1,815.44","1,839.15","1,807.48",,1.02%
2021-02-09,1837.06,"1,830.59","1,849.15","1,828.63",,0.38%
2021-02-10,1842.22,"1,837.55","1,855.70","1,833.91",,0.28%
2021-02-11,1825.36,"1,842.65","1,847.95","1,820.63",,-0.91%
2021-02-12,1823.46,"1,825.90","1,830.80","1,810.33",,-0.10%
2021-02-15,1818.51,"1,825.34","1,827.59","1,815.71",,-0.27%
2021-02-16,1794.31,"1,819.34","1,826.75","1,789.19",,-1.33%
2021-02-17,1776.26,"1,794.65","1,795.45","1,769.27",,-1.01%
2021-02-18,1775.49,"1,776.69","1,789.88","1,767.98",,-0.04%
2021-02-19,1782.31,"1,776.19","1,791.70","1,760.13",,0.38%
2021-02-22,1808.66,"1,782.24","1,812.76","1,780.46",,1.48%
2021-02-23,1805.06,"1,809.09","1,816.27","1,795.78",,-0.20%
2021-02-24,1804.36,"1,805.34","1,813.99","1,783.30",,-0.04%
2021-02-25,1769.88,"1,804.80","1,806.06","1,765.44",,-1.91%
2021-02-26,1733.49,"1,770.49","1,776.10","1,717.26",,-2.06%
2021-03-01,1723.84,"1,733.40","1,760.02","1,719.52",,-0.56%
2021-03-02,1738.09,"1,724.10","1,738.89","1,707.18",,0.83%
2021-03-03,1710.95,"1,738.59","1,740.85","1,701.94",,-1.56%
2021-03-04,1697.19,"1,711.84","1,723.34","1,690.64",,-0.80%
2021-03-05,1700.86,"1,698.59","1,707.76","1,687.12",,0.22%
2021-03-08,1681.24,"1,702.80","1,714.45","1,676.70",,-1.15%
2021-03-09,1715.36,"1,682.55","1,720.83","1,679.80",,2.03%
2021-03-10,1726.05,"1,715.94","1,726.76","1,707.99",,0.62%
2021-03-11,1721.41,"1,726.55","1,739.99","1,719.38",,-0.27%
2021-03-12,1726.41,"1,721.59","1,728.42","1,698.85",,0.29%
2021-03-15,1731.84,"1,727.74","1,734.99","1,721.31",,0.31%
2021-03-16,1730.94,"1,730.57","1,741.40","1,725.80",,-0.05%
2021-03-17,1744.44,"1,730.61","1,751.81","1,724.14",,0.78%
2021-03-18,1736.41,"1,745.09","1,755.59","1,719.05",,-0.46%
2021-03-19,1744.74,"1,735.90","1,746.88","1,728.04",,0.48%
2021-03-22,1738.69,"1,745.74","1,747.18","1,727.40",,-0.35%
2021-03-23,1727.11,"1,739.05","1,742.85","1,724.42",,-0.67%
2021-03-24,1734.19,"1,727.80","1,738.56","1,723.85",,0.41%
2021-03-25,1726.82,"1,735.65","1,745.95","1,721.84",,-0.42%
2021-03-26,1731.97,"1,727.30","1,737.01","1,721.23",,0.30%
2021-03-29,1711.99,"1,732.15","1,733.34","1,705.58",,-1.15%
2021-03-30,1684.8,"1,712.55","1,714.74","1,678.85",,-1.59%
2021-03-31,1707.01,"1,685.59","1,715.28","1,677.93",,1.32%
2021-04-01,1730.18,"1,708.09","1,730.80","1,705.42",,1.36%
2021-04-02,1728.84,"1,730.47","1,732.55","1,728.67",,-0.08%
2021-04-05,1728.44,"1,728.74","1,733.75","1,721.22",,-0.02%
2021-04-06,1743.57,"1,728.49","1,745.68","1,726.82",,0.88%
2021-04-07,1737.28,"1,742.96","1,744.57","1,730.13",,-0.36%
2021-04-08,1755.94,"1,737.84","1,759.13","1,732.99",,1.07%
2021-04-09,1743.1,"1,756.54","1,757.47","1,731.09",,-0.73%
2021-04-12,1732.51,"1,743.80","1,745.36","1,727.18",,-0.61%
2021-04-13,1743.83,"1,732.59","1,749.23","1,723.27",,0.65%
2021-04-14,1736.0,"1,744.30","1,749.58","1,732.13",,-0.45%
2021-04-15,1763.21,"1,737.10","1,769.91","1,734.10",,1.57%
2021-04-16,1776.31,"1,763.84","1,784.07","1,759.79",,0.74%
2021-04-19,1769.31,"1,779.50","1,790.54","1,765.98",,-0.39%
2021-04-20,1777.25,"1,770.30","1,780.77","1,763.18",,0.45%
2021-04-21,1793.46,"1,778.64","1,797.98","1,775.95",,0.91%
2021-04-22,1783.94,"1,794.15","1,798.29","1,776.83",,-0.53%
2021-04-23,1777.18,"1,784.33","1,796.06","1,770.05",,-0.38%
2021-04-26,1780.19,"1,776.34","1,783.69","1,768.70",,0.17%
2021-04-27,1776.69,"1,780.42","1,785.90","1,773.52",,-0.20%
2021-04-28,1781.32,"1,776.80","1,782.85","1,762.56",,0.26%
2021-04-29,1771.24,"1,780.90","1,790.43","1,756.19",,-0.57%
2021-04-30,1768.59,"1,772.90","1,773.98","1,763.73",,-0.15%
2021-05-03,1792.36,"1,768.49","1,798.22","1,765.91",,1.34%
2021-05-04,1778.48,"1,792.29","1,799.38","1,770.84",,-0.77%
2021-05-05,1786.44,"1,778.91","1,788.35","1,769.95",,0.45%
2021-05-06,1815.18,"1,787.09","1,818.21","1,781.67",,1.61%
2021-05-07,1830.48,"1,815.48","1,843.45","1,812.90",,0.84%
2021-05-10,1835.44,"1,833.24","1,845.53","1,830.09",,0.27%
2021-05-11,1836.94,"1,834.58","1,842.32","1,817.68",,0.08%
2021-05-12,1815.44,"1,837.40","1,843.69","1,813.00",,-1.17%
2021-05-13,1826.57,"1,815.90","1,828.81","1,808.78",,0.61%
2021-05-14,1842.19,"1,826.49","1,845.55","1,819.79",,0.86%
2021-05-17,1866.13,"1,843.84","1,868.80","1,841.24",,1.30%
2021-05-18,1868.22,"1,866.59","1,875.40","1,862.94",,0.11%
2021-05-19,1869.57,"1,869.59","1,890.15","1,851.94",,0.07%
2021-05-20,1876.69,"1,869.74","1,884.12","1,863.53",,0.38%
2021-05-21,1880.3,"1,876.84","1,889.85","1,870.01",,0.19%
2021-05-24,1881.07,"1,882.34","1,887.44","1,875.19",,0.04%
2021-05-25,1899.26,"1,880.69","1,900.63","1,872.73",,0.97%
2021-05-26,1896.44,"1,899.49","1,913.15","1,890.34",,-0.15%
2021-05-27,1896.08,"1,896.49","1,903.87","1,888.22",,-0.02%
2021-05-28,1902.64,"1,897.05","1,905.90","1,881.84",,0.35%
2021-05-31,1906.36,"1,903.69","1,911.13","1,901.56",,0.20%
2021-06-01,1900.19,"1,907.53","1,916.84","1,892.28",,-0.32%
2021-06-02,1907.94,"1,900.05","1,909.34","1,894.05",,0.41%
2021-06-03,1870.57,"1,908.09","1,909.89","1,865.11",,-1.96%
2021-06-04,1889.97,"1,871.32","1,896.60","1,856.09",,1.04%
2021-06-07,1899.0,"1,888.49","1,900.41","1,880.88",,0.48%
2021-06-08,1892.82,"1,898.99","1,903.95","1,883.38",,-0.33%
2021-06-09,1888.3,"1,893.49","1,899.40","1,886.58",,-0.24%
2021-06-10,1898.14,"1,888.57","1,900.09","1,869.84",,0.52%
2021-06-11,1876.64,"1,898.42","1,903.30","1,874.07",,-1.13%
2021-06-14,1865.99,"1,874.59","1,878.21","1,844.57",,-0.57%
2021-06-15,1858.69,"1,866.26","1,869.67","1,851.28",,-0.39%
2021-06-16,1811.95,"1,858.96","1,862.43","1,804.19",,-2.51%
2021-06-17,1773.31,"1,812.18","1,825.58","1,766.88",,-2.13%
2021-06-18,1763.34,"1,772.73","1,797.24","1,761.04",,-0.56%
2021-06-21,1782.95,"1,764.44","1,786.75","1,764.44",,1.11%
2021-06-22,1778.51,"1,783.23","1,790.42","1,771.99",,-0.25%
2021-06-23,1778.73,"1,778.80","1,795.18","1,773.13",,0.01%
2021-06-24,1775.18,"1,779.01","1,788.56","1,772.67",,-0.20%
2021-06-25,1780.34,"1,775.46","1,790.60","1,773.27",,0.29%
2021-06-28,1778.18,"1,781.24","1,785.90","1,770.69",,-0.12%
2021-06-29,1761.09,"1,778.44","1,779.24","1,750.11",,-0.96%
2021-06-30,1769.8,"1,761.35","1,774.72","1,752.78",,0.49%
2021-07-01,1776.6,"1,770.06","1,783.07","1,765.47",,0.38%
2021-07-02,1786.79,"1,776.83","1,795.40","1,773.73",,0.57%
2021-07-05,1791.61,"1,787.69","1,795.69","1,784.09",,0.27%
2021-07-06,1796.69,"1,791.88","1,815.34","1,789.91",,0.28%
2021-07-07,1803.41,"1,796.96","1,810.13","1,793.64",,0.37%
2021-07-08,1802.56,"1,803.67","1,818.70","1,794.28",,-0.05%
2021-07-09,1807.98,"1,802.89","1,812.71","1,796.09",,0.30%
2021-07-12,1805.88,"1,807.94","1,811.04","1,791.21",,-0.12%
2021-07-13,1807.44,"1,806.17","1,817.51","1,798.54",,0.09%
2021-07-14,1827.06,"1,807.72","1,830.32","1,804.21",,1.09%
2021-07-15,1829.19,"1,827.35","1,833.99","1,820.07",,0.12%
2021-07-16,1810.89,"1,829.45","1,832.20","1,808.65",,-1.00%
2021-07-19,1812.34,"1,811.65","1,817.56","1,794.66",,0.08%
2021-07-20,1810.03,"1,812.61","1,825.27","1,805.06",,-0.13%
2021-07-21,1803.31,"1,810.32","1,814.02","1,794.18",,-0.37%
2021-07-22,1806.69,"1,803.58","1,808.34","1,792.11",,0.19%
2021-07-23,1801.34,"1,806.95","1,810.56","1,790.45",,-0.30%
2021-07-26,1797.27,"1,802.65","1,811.97","1,795.68",,-0.23%
2021-07-27,1798.73,"1,797.53","1,805.60","1,792.83",,0.08%
2021-07-28,1806.88,"1,799.00","1,809.90","1,792.60",,0.45%
2021-07-29,1827.95,"1,807.15","1,833.05","1,806.29",,1.17%
2021-07-30,1813.58,"1,828.21","1,831.63","1,809.48",,-0.79%
2021-08-02,1813.39,"1,814.34","1,819.94","1,805.12",,-0.01%
2021-08-03,1809.94,"1,813.64","1,815.18","1,806.73",,-0.19%
2021-08-04,1811.41,"1,810.60","1,832.10","1,806.54",,0.08%
2021-08-05,1804.01,"1,811.69","1,815.45","1,797.74",,-0.41%
2021-08-06,1762.69,"1,804.28","1,804.93","1,758.33",,-2.29%
2021-08-09,1729.46,"1,763.34","1,764.65","1,684.77",,-1.89%
2021-08-10,1728.71,"1,729.74","1,738.49","1,717.17",,-0.04%
2021-08-11,1751.56,"1,729.01","1,754.63","1,723.54",,1.32%
2021-08-12,1752.44,"1,751.66","1,758.62","1,741.29",,0.05%
2021-08-13,1779.15,"1,752.72","1,780.53","1,751.27",,1.52%
2021-08-16,1787.24,"1,778.44","1,789.51","1,770.38",,0.45%
2021-08-17,1785.96,"1,787.51","1,795.77","1,780.28",,-0.07%
2021-08-18,1787.59,"1,786.21","1,794.31","1,777.31",,0.09%
2021-08-19,1780.18,"1,788.05","1,792.56","1,774.20",,-0.41%
2021-08-20,1780.87,"1,780.44","1,788.85","1,777.96",,0.04%
2021-08-23,1805.2,"1,780.55","1,806.92","1,776.03",,1.37%
2021-08-24,1802.61,"1,805.61","1,810.03","1,799.73",,-0.14%
2021-08-25,1790.68,"1,802.86","1,803.57","1,782.45",,-0.66%
2021-08-26,1792.16,"1,791.09","1,798.61","1,779.48",,0.08%
2021-08-27,1816.67,"1,792.60","1,819.38","1,787.66",,1.37%
2021-08-30,1810.17,"1,817.55","1,823.38","1,807.28",,-0.36%
2021-08-31,1813.43,"1,810.26","1,819.43","1,801.47",,0.18%
2021-09-01,1813.66,"1,813.57","1,820.21","1,808.18",,0.01%
2021-09-02,1809.4,"1,813.92","1,817.53","1,804.48",,-0.23%
2021-09-03,1826.19,"1,809.98","1,834.55","1,808.53",,0.93%
2021-09-06,1823.1,"1,828.66","1,830.60","1,820.58",,-0.17%
2021-09-07,1794.13,"1,823.27","1,827.39","1,792.33",,-1.59%
2021-09-08,1788.93,"1,794.41","1,802.60","1,781.98",,-0.29%
2021-09-09,1794.69,"1,789.19","1,801.19","1,783.83",,0.32%
2021-09-10,1787.34,"1,794.61","1,804.15","1,786.53",,-0.41%
2021-09-13,1793.49,"1,788.55","1,798.66","1,783.73",,0.34%
2021-09-14,1804.27,"1,793.77","1,808.99","1,781.89",,0.60%
2021-09-15,1792.59,"1,804.53","1,807.30","1,790.28",,-0.65%
2021-09-16,1753.39,"1,794.34","1,796.71","1,745.04",,-2.19%
2021-09-17,1754.16,"1,753.67","1,768.22","1,747.07",,0.04%
2021-09-20,1763.88,"1,754.30","1,767.31","1,742.24",,0.55%
2021-09-21,1774.25,"1,764.19","1,782.07","1,757.61",,0.59%
2021-09-22,1767.91,"1,774.51","1,787.51","1,764.84",,-0.36%
2021-09-23,1742.57,"1,768.40","1,776.60","1,737.84",,-1.43%
2021-09-24,1749.86,"1,742.82","1,758.08","1,739.60",,0.42%
2021-09-27,1749.85,"1,751.24","1,761.29","1,744.19",,0.00%
2021-09-28,1733.68,"1,750.45","1,754.80","1,727.18",,-0.92%
2021-09-29,1726.11,"1,733.97","1,746.11","1,721.07",,-0.44%
2021-09-30,1756.66,"1,726.40","1,764.53","1,721.67",,1.77%
2021-10-01,1760.36,"1,756.91","1,764.40","1,749.36",,0.21%
2021-10-04,1769.51,"1,762.15","1,771.06","1,747.23",,0.52%
2021-10-05,1759.96,"1,769.75","1,771.03","1,748.56",,-0.54%
2021-10-06,1762.48,"1,760.45","1,765.78","1,745.45",,0.14%
2021-10-07,1755.29,"1,762.74","1,767.45","1,751.38",,-0.41%
2021-10-08,1756.67,"1,755.89","1,781.60","1,753.03",,0.08%
2021-10-11,1753.86,"1,757.34","1,761.36","1,749.68",,-0.16%
2021-10-12,1759.93,"1,754.12","1,769.78","1,750.47",,0.35%
2021-10-13,1792.65,"1,760.05","1,796.31","1,757.89",,1.86%
2021-10-14,1795.56,"1,792.75","1,800.91","1,786.22",,0.16%
2021-10-15,1767.26,"1,795.81","1,796.89","1,764.48",,-1.58%
2021-10-18,1764.6,"1,767.74","1,772.30","1,759.68",,-0.15%
2021-10-19,1768.87,"1,764.99","1,785.53","1,762.48",,0.24%
2021-10-20,1781.83,"1,769.28","1,788.68","1,766.50",,0.73%
2021-10-21,1782.76,"1,782.10","1,789.61","1,776.07",,0.05%
2021-10-22,1792.48,"1,782.89","1,814.22","1,782.46",,0.55%
2021-10-25,1807.47,"1,794.00","1,810.18","1,791.95",,0.84%
2021-10-26,1792.63,"1,807.90","1,808.50","1,781.98",,-0.82%
2021-10-27,1796.69,"1,793.04","1,799.38","1,782.83",,0.23%
2021-10-28,1798.62,"1,796.78","1,810.49","1,792.34",,0.11%
2021-10-29,1782.81,"1,799.03","1,801.49","1,771.70",,-0.88%
2021-11-01,1793.05,"1,783.24","1,796.20","1,778.89",,0.57%
2021-11-02,1787.28,"1,793.61","1,796.91","1,785.78",,-0.32%
2021-11-03,1769.52,"1,787.71","1,788.42","1,758.45",,-0.99%
2021-11-04,1791.7,"1,769.98","1,799.26","1,769.13",,1.25%
2021-11-05,1816.73,"1,792.14","1,818.61","1,785.17",,1.40%
2021-11-08,1824.26,"1,818.44","1,826.93","1,812.08",,0.41%
2021-11-09,1831.48,"1,824.74","1,833.08","1,817.70",,0.40%
2021-11-10,1849.57,"1,831.90","1,868.70","1,821.60",,0.99%
2021-11-11,1861.52,"1,849.69","1,866.35","1,842.66",,0.65%
2021-11-12,1864.04,"1,861.99","1,868.69","1,844.78",,0.14%
2021-11-15,1862.46,"1,868.15","1,870.57","1,855.73",,-0.09%
2021-11-16,1849.91,"1,862.94","1,877.40","1,849.16",,-0.67%
2021-11-17,1866.96,"1,850.34","1,868.32","1,849.38",,0.92%
2021-11-18,1858.46,"1,866.97","1,871.29","1,854.94",,-0.46%
2021-11-19,1844.6,"1,858.90","1,865.76","1,842.98",,-0.75%
2021-11-22,1805.04,"1,846.74","1,849.49","1,801.95",,-2.14%
2021-11-23,1789.73,"1,805.65","1,812.50","1,781.63",,-0.85%
2021-11-24,1788.5,"1,790.34","1,797.01","1,778.44",,-0.07%
2021-11-25,1788.45,"1,789.49","1,795.65","1,785.85",,0.00%
2021-11-26,1791.81,"1,788.70","1,815.78","1,780.79",,0.19%
2021-11-29,1785.01,"1,790.05","1,799.80","1,781.23",,-0.38%
2021-11-30,1773.78,"1,785.34","1,809.38","1,769.43",,-0.63%
2021-12-01,1782.66,"1,774.15","1,794.80","1,771.96",,0.50%
2021-12-02,1768.64,"1,783.05","1,783.58","1,761.68",,-0.79%
2021-12-03,1783.74,"1,768.84","1,786.44","1,765.63",,0.85%
2021-12-06,1778.11,"1,784.79","1,787.87","1,775.91",,-0.32%
2021-12-07,1784.04,"1,778.08","1,788.02","1,771.93",,0.33%
2021-12-08,1782.06,"1,784.40","1,793.60","1,779.45",,-0.11%
2021-12-09,1774.46,"1,782.49","1,788.05","1,772.80",,-0.43%
2021-12-10,1782.51,"1,774.94","1,789.47","1,769.43",,0.45%
2021-12-13,1786.94,"1,782.94","1,791.78","1,781.51",,0.25%
2021-12-14,1770.18,"1,787.19","1,789.74","1,766.31",,-0.94%
2021-12-15,1777.06,"1,770.49","1,781.04","1,753.84",,0.39%
2021-12-16,1799.03,"1,777.40","1,799.53","1,775.43",,1.24%
2021-12-17,1797.68,"1,799.55","1,814.63","1,795.67",,-0.07%
2021-12-20,1789.32,"1,799.40","1,804.32","1,787.98",,-0.47%
2021-12-21,1788.36,"1,789.74","1,800.85","1,784.58",,-0.05%
2021-12-22,1803.4,"1,788.94","1,805.13","1,785.41",,0.84%
2021-12-23,1807.91,"1,803.69","1,811.02","1,798.88",,0.25%
2021-12-24,1808.11,"1,808.19","1,812.70","1,801.61",,0.01%
2021-12-27,1810.9,"1,808.19","1,813.74","1,802.89",,0.15%
2021-12-28,1805.37,"1,811.84","1,820.70","1,804.38",,-0.31%
2021-12-29,1803.66,"1,805.59","1,808.16","1,788.94",,-0.09%
2021-12-30,1815.01,"1,803.99","1,817.44","1,795.78",,0.63%
2021-12-31,1828.39,"1,815.44","1,830.58","1,814.15",,0.74%
2022-01-03,1800.85,"1,830.14","1,832.06","1,797.93",,-1.51%
2022-01-04,1814.56,"1,801.34","1,816.83","1,798.44",,0.76%
2022-01-05,1809.53,"1,814.90","1,829.82","1,807.97",,-0.28%
2022-01-06,1788.68,"1,809.94","1,811.89","1,786.03",,-1.15%
2022-01-07,1795.63,"1,789.55","1,799.20","1,782.63",,0.39%
2022-01-10,1801.41,"1,795.41","1,802.57","1,790.43",,0.32%
2022-01-11,1822.01,"1,801.69","1,823.35","1,800.09",,1.14%
2022-01-12,1825.32,"1,822.49","1,828.33","1,814.20",,0.18%
2022-01-13,1822.09,"1,825.94","1,828.38","1,811.83",,-0.18%
2022-01-14,1817.22,"1,822.55","1,829.66","1,814.13",,-0.27%
2022-01-17,1818.99,"1,817.90","1,823.72","1,812.67",,0.10%
2022-01-18,1813.54,"1,819.77","1,823.01","1,805.53",,-0.30%
2022-01-19,1839.96,"1,813.69","1,843.72","1,809.97",,1.46%
2022-01-20,1838.36,"1,840.30","1,848.36","1,835.67",,-0.09%
2022-01-21,1833.24,"1,838.65","1,843.53","1,828.04",,-0.28%
2022-01-24,1843.06,"1,834.49","1,844.53","1,829.09",,0.54%
2022-01-25,1847.56,"1,843.34","1,853.98","1,834.64",,0.24%
2022-01-26,1818.12,"1,847.99","1,850.44","1,814.90",,-1.59%
2022-01-27,1796.51,"1,818.44","1,822.51","1,790.98",,-1.19%
2022-01-28,1791.03,"1,796.94","1,799.82","1,779.88",,-0.30%
2022-01-31,1796.47,"1,791.19","1,800.23","1,785.03",,0.30%
2022-02-01,1800.65,"1,796.72","1,809.16","1,795.13",,0.23%
2022-02-02,1806.5,"1,800.94","1,811.53","1,794.11",,0.32%
2022-02-03,1804.4,"1,807.19","1,809.22","1,788.39",,-0.12%
2022-02-04,1807.49,"1,804.80","1,815.44","1,790.94",,0.17%
2022-02-07,1820.31,"1,806.99","1,824.06","1,806.94",,0.71%
2022-02-08,1825.48,"1,820.59","1,829.09","1,815.06",,0.28%
2022-02-09,1832.43,"1,826.05","1,836.35","1,824.50",,0.38%
2022-02-10,1826.57,"1,832.94","1,842.35","1,821.46",,-0.32%
2022-02-11,1859.96,"1,827.25","1,865.63","1,820.79",,1.83%
2022-02-14,1870.29,"1,861.55","1,874.41","1,850.45",,0.56%
2022-02-15,1853.06,"1,870.94","1,879.89","1,844.27",,-0.92%
2022-02-16,1868.37,"1,853.40","1,873.16","1,849.94",,0.83%
2022-02-17,1897.27,"1,868.84","1,901.57","1,867.18",,1.55%
2022-02-18,1897.87,"1,897.94","1,902.84","1,886.16",,0.03%
2022-02-21,1905.63,"1,900.40","1,908.38","1,887.19",,0.41%
2022-02-22,1898.13,"1,905.89","1,914.44","1,891.16",,-0.39%
2022-02-23,1907.55,"1,898.44","1,911.00","1,889.23",,0.50%
2022-02-24,1903.14,"1,907.99","1,974.48","1,879.05",,-0.23%
2022-02-25,1887.56,"1,903.55","1,921.54","1,883.10",,-0.82%
2022-02-28,1907.9,"1,920.86","1,929.36","1,890.59",,1.08%
2022-03-01,1943.22,"1,908.19","1,950.45","1,900.93",,1.85%
2022-03-02,1926.11,"1,943.69","1,948.18","1,913.82",,-0.88%
2022-03-03,1935.21,"1,926.49","1,941.47","1,921.73",,0.47%
2022-03-04,1968.45,"1,935.65","1,970.80","1,929.78",,1.72%
2022-03-07,1998.11,"1,977.09","2,002.90","1,960.76",,1.51%
2022-03-08,2052.41,"1,998.30","2,070.29","1,981.00",,2.72%
2022-03-09,1991.49,"2,052.75","2,059.25","1,976.30",,-2.97%
2022-03-10,1995.86,"1,991.94","2,009.57","1,970.66",,0.22%
2022-03-11,1985.29,"1,996.15","1,999.22","1,958.80",,-0.53%
2022-03-14,1951.11,"1,985.49","1,990.33","1,949.87",,-1.72%
2022-03-15,1917.84,"1,951.02","1,954.95","1,906.73",,-1.71%
2022-03-16,1927.93,"1,918.10","1,929.87","1,895.22",,0.53%
2022-03-17,1942.64,"1,927.56","1,950.10","1,923.40",,0.76%
2022-03-18,1921.09,"1,942.90","1,945.51","1,917.93",,-1.11%
2022-03-21,1935.95,"1,922.24","1,940.69","1,918.01",,0.77%
2022-03-22,1921.44,"1,935.86","1,938.59","1,910.89",,-0.75%
2022-03-23,1943.38,"1,922.35","1,948.55","1,915.32",,1.14%
2022-03-24,1957.48,"1,944.88","1,966.19","1,937.18",,0.73%
2022-03-25,1957.4,"1,957.49","1,964.49","1,943.55",,0.00%
2022-03-28,1923.2,"1,958.75","1,959.36","1,916.83",,-1.75%
2022-03-29,1919.19,"1,922.95","1,929.41","1,890.03",,-0.21%
2022-03-30,1933.06,"1,920.07","1,938.53","1,915.74",,0.72%
2022-03-31,1937.23,"1,932.80","1,949.92","1,918.98",,0.22%
2022-04-01,1924.3,"1,937.51","1,939.99","1,917.56",,-0.67%
2022-04-04,1932.44,"1,924.94","1,937.05","1,915.55",,0.42%
2022-04-05,1923.76,"1,933.38","1,944.73","1,917.74",,-0.45%
2022-04-06,1925.48,"1,923.69","1,933.65","1,915.24",,0.09%
2022-04-07,1932.17,"1,925.32","1,938.07","1,920.27",,0.35%
2022-04-08,1945.85,"1,931.92","1,948.46","1,927.38",,0.71%
2022-04-11,1953.43,"1,947.15","1,969.41","1,940.05",,0.39%
2022-04-12,1966.59,"1,953.99","1,978.63","1,949.48",,0.67%
2022-04-13,1977.72,"1,967.21","1,981.82","1,962.59",,0.57%
2022-04-14,1973.52,"1,977.78","1,980.81","1,960.90",,-0.21%
2022-04-15,1974.54,"1,974.28","1,975.69","1,973.05",,0.05%
2022-04-18,1978.5,"1,972.84","1,998.60","1,971.05",,0.20%
2022-04-19,1949.84,"1,979.19","1,982.31","1,943.80",,-1.45%
2022-04-20,1957.41,"1,950.34","1,958.57","1,939.16",,0.39%
2022-04-21,1951.49,"1,957.84","1,958.00","1,936.79",,-0.30%
2022-04-22,1929.73,"1,951.49","1,955.93","1,926.52",,-1.12%
2022-04-25,1897.69,"1,931.09","1,934.71","1,891.05",,-1.66%
2022-04-26,1905.56,"1,897.95","1,911.50","1,895.38",,0.41%
2022-04-27,1886.12,"1,905.45","1,907.25","1,881.39",,-1.02%
2022-04-28,1894.34,"1,886.14","1,897.32","1,872.19",,0.44%
2022-04-29,1896.4,"1,894.43","1,919.97","1,892.25",,0.11%
2022-05-02,1862.77,"1,896.09","1,900.10","1,854.74",,-1.77%
2022-05-03,1867.79,"1,863.05","1,878.19","1,850.33",,0.27%
2022-05-04,1880.92,"1,868.04","1,889.74","1,861.17",,0.70%
2022-05-05,1876.84,"1,881.47","1,910.03","1,872.48",,-0.22%
2022-05-06,1882.96,"1,877.30","1,892.93","1,865.84",,0.33%
2022-05-09,1853.92,"1,883.80","1,885.95","1,851.36",,-1.54%
2022-05-10,1838.14,"1,853.74","1,865.76","1,835.46",,-0.85%
2022-05-11,1852.12,"1,838.41","1,857.99","1,831.83",,0.76%
2022-05-12,1821.72,"1,852.58","1,859.30","1,820.93",,-1.64%
2022-05-13,1811.15,"1,822.48","1,829.06","1,799.24",,-0.58%
2022-05-16,1823.79,"1,811.05","1,827.23","1,786.95",,0.70%
2022-05-17,1814.67,"1,824.18","1,836.55","1,812.68",,-0.50%
2022-05-18,1815.61,"1,815.20","1,825.02","1,807.30",,0.05%
2022-05-19,1841.72,"1,816.60","1,849.46","1,810.55",,1.44%
2022-05-20,1845.68,"1,842.12","1,849.59","1,832.35",,0.22%
2022-05-23,1853.22,"1,846.53","1,865.65","1,844.08",,0.41%
2022-05-24,1865.9,"1,853.59","1,869.99","1,849.06",,0.68%
2022-05-25,1852.83,"1,865.09","1,868.40","1,842.94",,-0.70%
2022-05-26,1850.02,"1,853.48","1,854.71","1,841.14",,-0.15%
2022-05-27,1852.73,"1,850.48","1,862.30","1,847.76",,0.15%
2022-05-30,1856.21,"1,852.19","1,864.34","1,847.92",,0.19%
2022-05-31,1837.09,"1,856.40","1,857.69","1,834.90",,-1.03%
2022-06-01,1845.55,"1,837.37","1,850.40","1,828.28",,0.46%
2022-06-02,1868.13,"1,846.44","1,870.69","1,843.76",,1.22%
2022-06-03,1850.77,"1,868.53","1,874.30","1,847.02",,-0.93%
2022-06-06,1841.0,"1,850.29","1,858.15","1,840.50",,-0.53%
2022-06-07,1851.97,"1,841.60","1,855.86","1,836.73",,0.60%
2022-06-08,1853.26,"1,852.51","1,859.90","1,844.35",,0.07%
2022-06-09,1847.61,"1,853.53","1,855.52","1,839.60",,-0.30%
2022-06-10,1870.96,"1,848.09","1,876.47","1,825.02",,1.26%
2022-06-13,1818.77,"1,875.80","1,877.38","1,818.90",,-2.79%
2022-06-14,1808.1,"1,819.10","1,832.19","1,804.65",,-0.59%
2022-06-15,1833.38,"1,808.35","1,841.74","1,807.24",,1.40%
2022-06-16,1856.71,"1,833.99","1,857.91","1,815.95",,1.27%
2022-06-17,1839.35,"1,857.34","1,858.29","1,833.72",,-0.93%
2022-06-20,1838.29,"1,840.40","1,846.42","1,834.49",,-0.06%
2022-06-21,1832.56,"1,838.37","1,844.15","1,828.29",,-0.31%
2022-06-22,1837.39,"1,832.96","1,848.44","1,823.23",,0.26%
2022-06-23,1822.43,"1,837.87","1,846.19","1,821.88",,-0.81%
2022-06-24,1826.18,"1,822.88","1,832.15","1,816.70",,0.21%
2022-06-27,1822.73,"1,838.15","1,841.34","1,820.40",,-0.19%
2022-06-28,1819.69,"1,822.85","1,830.09","1,818.20",,-0.17%
2022-06-29,1817.11,"1,819.95","1,833.24","1,812.10",,-0.14%
2022-06-30,1806.89,"1,817.80","1,825.90","1,802.20",,-0.56%
2022-07-01,1810.18,"1,807.31","1,812.09","1,784.10",,0.18%
2022-07-04,1809.12,"1,812.27","1,814.36","1,803.45",,-0.06%
2022-07-05,1764.35,"1,808.74","1,812.42","1,763.48",,-2.47%
2022-07-06,1738.3,"1,764.87","1,773.06","1,731.75",,-1.48%
2022-07-07,1739.61,"1,738.93","1,749.14","1,735.95",,0.08%
2022-07-08,1741.82,"1,740.05","1,752.50","1,733.24",,0.13%
2022-07-11,1733.67,"1,742.86","1,744.92","1,731.01",,-0.47%
2022-07-12,1725.81,"1,733.99","1,743.49","1,722.93",,-0.45%
2022-07-13,1735.23,"1,726.17","1,745.54","1,707.38",,0.55%
2022-07-14,1709.45,"1,735.70","1,736.94","1,697.48",,-1.49%
2022-07-15,1706.78,"1,709.81","1,716.92","1,698.82",,-0.16%
2022-07-18,1709.01,"1,707.94","1,724.05","1,705.89",,0.13%
2022-07-19,1711.07,"1,709.27","1,718.64","1,704.96",,0.12%
2022-07-20,1696.43,"1,711.30","1,714.94","1,692.53",,-0.86%
2022-07-21,1718.49,"1,696.73","1,720.69","1,680.78",,1.30%
2022-07-22,1726.46,"1,718.61","1,739.28","1,712.93",,0.46%
2022-07-25,1718.78,"1,728.15","1,736.43","1,714.57",,-0.44%
2022-07-26,1717.0,"1,719.69","1,728.36","1,713.20",,-0.10%
2022-07-27,1733.89,"1,717.41","1,740.60","1,711.46",,0.98%
2022-07-28,1755.11,"1,734.61","1,757.43","1,733.59",,1.22%
2022-07-29,1765.22,"1,755.81","1,768.17","1,752.19",,0.58%
2022-08-01,1771.73,"1,765.05","1,775.22","1,758.05",,0.37%
2022-08-02,1759.75,"1,772.23","1,788.24","1,759.86",,-0.68%
2022-08-03,1764.9,"1,760.53","1,772.90","1,754.33",,0.29%
2022-08-04,1790.97,"1,765.34","1,795.29","1,763.00",,1.48%
2022-08-05,1774.15,"1,791.16","1,795.29","1,764.88",,-0.94%
2022-08-08,1788.52,"1,773.57","1,790.26","1,770.94",,0.81%
2022-08-09,1794.08,"1,789.21","1,800.45","1,782.85",,0.31%
2022-08-10,1792.13,"1,794.21","1,807.90","1,787.32",,-0.11%
2022-08-11,1789.45,"1,792.39","1,799.40","1,783.24",,-0.15%
2022-08-12,1801.76,"1,790.06","1,802.86","1,784.52",,0.69%
2022-08-15,1778.91,"1,802.05","1,802.53","1,772.75",,-1.27%
2022-08-16,1775.54,"1,779.74","1,783.37","1,771.33",,-0.19%
2022-08-17,1761.05,"1,775.98","1,782.63","1,759.58",,-0.82%
2022-08-18,1758.2,"1,761.63","1,772.59","1,755.37",,-0.16%
2022-08-19,1747.83,"1,759.30","1,759.88","1,745.19",,-0.59%
2022-08-22,1735.7,"1,747.05","1,749.31","1,727.51",,-0.69%
2022-08-23,1747.67,"1,736.40","1,754.28","1,730.52",,0.69%
2022-08-24,1750.89,"1,748.55","1,755.88","1,742.29",,0.18%
2022-08-25,1758.44,"1,751.55","1,765.93","1,749.71",,0.43%
2022-08-26,1736.86,"1,758.55","1,759.31","1,733.83",,-1.23%
2022-08-29,1737.82,"1,736.19","1,745.63","1,720.08",,0.06%
2022-08-30,1723.55,"1,738.36","1,740.93","1,720.85",,-0.82%
2022-08-31,1710.7,"1,723.83","1,726.86","1,709.10",,-0.75%
2022-09-01,1696.09,"1,711.09","1,711.81","1,688.35",,-0.85%
2022-09-02,1711.44,"1,696.35","1,718.31","1,694.64",,0.91%
2022-09-05,1710.21,"1,712.99","1,716.34","1,707.47",,-0.07%
2022-09-06,1701.15,"1,710.56","1,727.24","1,699.30",,-0.53%
2022-09-07,1717.69,"1,701.61","1,719.82","1,690.90",,0.97%
2022-09-08,1707.28,"1,718.40","1,728.80","1,703.50",,-0.61%
2022-09-09,1716.05,"1,708.84","1,729.94","1,708.22",,0.51%
2022-09-12,1724.07,"1,717.05","1,735.37","1,711.97",,0.47%
2022-09-13,1701.55,"1,724.75","1,732.34","1,696.70",,-1.31%
2022-09-14,1695.8,"1,701.86","1,707.49","1,693.26",,-0.34%
2022-09-15,1663.74,"1,696.06","1,698.62","1,660.04",,-1.89%
2022-09-16,1674.94,"1,664.27","1,680.69","1,653.85",,0.67%
2022-09-19,1675.78,"1,675.44","1,680.16","1,659.67",,0.05%
2022-09-20,1663.11,"1,675.47","1,679.34","1,659.60",,-0.76%
2022-09-21,1673.74,"1,663.67","1,688.15","1,654.15",,0.64%
2022-09-22,1670.53,"1,675.06","1,685.49","1,655.53",,-0.19%
2022-09-23,1643.09,"1,671.55","1,676.59","1,639.59",,-1.64%
2022-09-26,1621.57,"1,645.40","1,650.02","1,620.80",,-1.31%
2022-09-27,1628.8,"1,621.99","1,642.94","1,621.77",,0.45%
2022-09-28,1659.44,"1,629.26","1,663.17","1,614.35",,1.88%
2022-09-29,1660.29,"1,659.88","1,665.12","1,641.05",,0.05%
2022-09-30,1659.67,"1,661.13","1,675.57","1,658.93",,-0.04%
2022-10-03,1699.22,"1,661.30","1,701.80","1,659.10",,2.38%
2022-10-04,1726.24,"1,699.40","1,729.73","1,694.73",,1.59%
2022-10-05,1715.81,"1,726.42","1,728.10","1,700.15",,-0.60%
2022-10-06,1710.85,"1,716.06","1,726.09","1,706.53",,-0.29%
2022-10-07,1694.52,"1,711.10","1,715.40","1,690.35",,-0.95%
2022-10-10,1667.96,"1,696.80","1,700.33","1,665.30",,-1.57%
2022-10-11,1665.31,"1,668.40","1,684.44","1,660.45",,-0.16%
2022-10-12,1672.51,"1,666.49","1,678.90","1,660.95",,0.43%
2022-10-13,1665.8,"1,673.30","1,682.84","1,642.25",,-0.40%
2022-10-14,1641.76,"1,665.90","1,672.02","1,639.90",,-1.44%
2022-10-17,1649.94,"1,644.09","1,668.69","1,643.69",,0.50%
2022-10-18,1651.83,"1,650.49","1,661.27","1,645.61",,0.11%
2022-10-19,1628.49,"1,651.99","1,654.90","1,627.25",,-1.41%
2022-10-20,1627.66,"1,629.93","1,645.83","1,621.93",,-0.05%
2022-10-21,1656.66,"1,628.10","1,659.08","1,617.21",,1.78%
2022-10-24,1648.6,"1,658.19","1,670.55","1,643.64",,-0.49%
2022-10-25,1652.52,"1,649.70","1,662.89","1,637.82",,0.24%
2022-10-26,1664.49,"1,653.21","1,675.12","1,649.15",,0.72%
2022-10-27,1662.94,"1,664.50","1,671.09","1,654.81",,-0.09%
2022-10-28,1641.76,"1,663.30","1,667.44","1,637.39",,-1.27%
2022-10-31,1633.12,"1,643.69","1,645.80","1,631.77",,-0.53%
2022-11-01,1647.5,"1,633.40","1,657.13","1,630.93",,0.88%
2022-11-02,1634.89,"1,647.77","1,669.60","1,634.40",,-0.77%
2022-11-03,1629.15,"1,635.80","1,641.32","1,616.18",,-0.35%
2022-11-04,1680.27,"1,629.40","1,682.17","1,628.23",,3.14%
2022-11-07,1674.68,"1,681.30","1,682.08","1,666.44",,-0.33%
2022-11-08,1712.52,"1,674.75","1,717.31","1,664.32",,2.26%
2022-11-09,1706.32,"1,712.60","1,722.94","1,701.79",,-0.36%
2022-11-10,1754.75,"1,706.40","1,757.59","1,703.32",,2.84%
2022-11-11,1770.69,"1,754.92","1,773.17","1,746.85",,0.91%
2022-11-14,1771.8,"1,771.42","1,775.36","1,752.90",,0.06%
2022-11-15,1778.25,"1,771.88","1,786.68","1,766.56",,0.36%
2022-11-16,1773.77,"1,778.34","1,785.49","1,769.82",,-0.25%
2022-11-17,1760.87,"1,773.82","1,775.20","1,754.13",,-0.73%
2022-11-18,1749.74,"1,760.74","1,767.98","1,747.04",,-0.63%
2022-11-21,1737.81,"1,750.82","1,753.52","1,732.03",,-0.68%
2022-11-22,1740.24,"1,738.48","1,749.98","1,736.61",,0.14%
2022-11-23,1749.28,"1,740.30","1,753.54","1,728.25",,0.52%
2022-11-24,1754.96,"1,749.53","1,759.08","1,749.03",,0.32%
2022-11-25,1756.14,"1,756.48","1,761.58","1,745.46",,0.07%
2022-11-28,1740.75,"1,755.00","1,764.08","1,739.14",,-0.88%
2022-11-29,1749.73,"1,740.82","1,759.33","1,738.98",,0.52%
2022-11-30,1768.45,"1,749.82","1,770.39","1,744.41",,1.07%
2022-12-01,1802.89,"1,768.54","1,804.32","1,767.36",,1.95%
2022-12-02,1797.82,"1,803.15","1,804.93","1,778.26",,-0.28%
2022-12-05,1768.39,"1,797.92","1,810.33","1,765.32",,-1.64%
2022-12-06,1770.91,"1,768.67","1,781.46","1,765.72",,0.14%
2022-12-07,1786.22,"1,771.14","1,790.92","1,768.32",,0.86%
2022-12-08,1789.23,"1,786.29","1,795.18","1,780.96",,0.17%
2022-12-09,1796.63,"1,789.30","1,806.45","1,787.96",,0.41%
2022-12-12,1781.15,"1,797.35","1,798.00","1,777.22",,-0.86%
2022-12-13,1810.29,"1,781.21","1,824.87","1,779.81",,1.64%
2022-12-14,1807.27,"1,810.49","1,814.19","1,796.07",,-0.17%
2022-12-15,1776.66,"1,807.40","1,809.09","1,772.00",,-1.69%
2022-12-16,1792.34,"1,776.72","1,794.69","1,773.89",,0.88%
2022-12-19,1787.44,"1,793.13","1,799.10","1,783.48",,-0.27%
2022-12-20,1817.41,"1,787.49","1,821.60","1,784.21",,1.68%
2022-12-21,1814.13,"1,818.06","1,824.39","1,811.24",,-0.18%
2022-12-22,1792.57,"1,814.20","1,821.10","1,784.11",,-1.19%
2022-12-23,1797.91,"1,792.65","1,803.60","1,789.62",,0.30%
2022-12-26,1797.61,"1,798.57","1,798.78","1,798.04",,-0.02%
2022-12-27,1813.93,"1,796.67","1,833.39","1,796.20",,0.91%
2022-12-28,1804.09,"1,814.00","1,815.18","1,796.56",,-0.54%
2022-12-29,1814.89,"1,804.16","1,820.52","1,802.02",,0.60%
2022-12-30,1824.4,"1,815.14","1,826.73","1,809.84",,0.52%
2023-01-02,1823.69,"1,823.85","1,823.94","1,823.85",,-0.04%
2023-01-03,1839.49,"1,826.14","1,850.69","1,824.42",,0.87%
2023-01-04,1854.09,"1,839.51","1,865.49","1,835.92",,0.79%
2023-01-05,1833.19,"1,854.19","1,859.36","1,824.68",,-1.13%
2023-01-06,1865.71,"1,833.27","1,870.37","1,830.53",,1.77%
2023-01-09,1871.59,"1,865.45","1,881.80","1,864.59",,0.32%
2023-01-10,1877.27,"1,871.66","1,881.04","1,867.37",,0.30%
2023-01-11,1876.38,"1,877.30","1,887.09","1,866.75",,-0.05%
2023-01-12,1896.86,"1,876.43","1,901.88","1,873.64",,1.09%
2023-01-13,1920.21,"1,897.03","1,922.24","1,891.80",,1.23%
2023-01-16,1918.0,"1,920.39","1,929.24","1,910.74",,-0.12%
2023-01-17,1908.39,"1,917.81","1,919.83","1,903.51",,-0.50%
2023-01-18,1903.76,"1,908.46","1,926.30","1,896.56",,-0.24%
2023-01-19,1931.39,"1,903.83","1,935.40","1,900.48",,1.45%
2023-01-20,1926.57,"1,931.48","1,937.72","1,920.58",,-0.25%
2023-01-23,1931.3,"1,926.20","1,935.69","1,911.44",,0.25%
2023-01-24,1937.45,"1,931.35","1,942.93","1,916.82",,0.32%
2023-01-25,1945.93,"1,937.54","1,948.12","1,919.88",,0.44%
2023-01-26,1928.99,"1,946.09","1,949.27","1,918.74",,-0.87%
2023-01-27,1927.34,"1,929.40","1,935.15","1,916.65",,-0.09%
2023-01-30,1922.52,"1,928.40","1,934.61","1,920.58",,-0.25%
2023-01-31,1927.88,"1,922.82","1,931.15","1,900.74",,0.28%
2023-02-01,1950.42,"1,927.92","1,954.63","1,920.56",,1.17%
2023-02-02,1912.37,"1,950.54","1,959.77","1,911.33",,-1.95%
2023-02-03,1865.53,"1,912.57","1,918.72","1,861.41",,-2.45%
2023-02-06,1867.36,"1,865.17","1,881.54","1,860.39",,0.10%
2023-02-07,1873.81,"1,867.39","1,884.45","1,864.94",,0.35%
2023-02-08,1875.59,"1,874.05","1,886.28","1,867.40",,0.09%
2023-02-09,1861.39,"1,875.64","1,890.69","1,858.89",,-0.76%
2023-02-10,1864.67,"1,861.68","1,872.31","1,852.69",,0.18%
2023-02-13,1853.39,"1,865.69","1,866.83","1,850.42",,-0.60%
2023-02-14,1854.29,"1,853.67","1,871.03","1,843.20",,0.05%
2023-02-15,1836.19,"1,854.35","1,860.18","1,830.20",,-0.98%
2023-02-16,1837.44,"1,836.56","1,845.45","1,827.18",,0.07%
2023-02-17,1841.59,"1,837.52","1,843.77","1,818.34",,0.23%
2023-02-20,1841.14,"1,842.73","1,847.86","1,837.09",,-0.02%
2023-02-21,1834.32,"1,841.71","1,844.44","1,829.70",,-0.37%
2023-02-22,1825.04,"1,834.71","1,846.26","1,823.05",,-0.51%
2023-02-23,1822.64,"1,825.12","1,834.43","1,817.55",,-0.13%
2023-02-24,1810.81,"1,822.74","1,827.98","1,808.91",,-0.65%
2023-02-27,1817.31,"1,812.01","1,820.22","1,806.68",,0.36%
2023-02-28,1827.15,"1,817.38","1,831.27","1,804.65",,0.54%
2023-03-01,1836.81,"1,827.24","1,845.05","1,823.05",,0.53%
2023-03-02,1836.0,"1,837.20","1,838.94","1,829.44",,-0.04%
2023-03-03,1854.97,"1,836.10","1,856.47","1,834.51",,1.03%
2023-03-06,1846.85,"1,855.35","1,858.84","1,845.08",,-0.44%
2023-03-07,1813.52,"1,846.92","1,852.26","1,812.72",,-1.80%
2023-03-08,1813.59,"1,813.61","1,824.38","1,809.40",,0.00%
2023-03-09,1830.89,"1,813.65","1,835.56","1,811.84",,0.95%
2023-03-10,1867.83,"1,830.96","1,870.28","1,827.71",,2.02%
2023-03-13,1913.23,"1,869.01","1,914.79","1,869.01",,2.43%
2023-03-14,1902.12,"1,913.19","1,914.52","1,895.17",,-0.58%
2023-03-15,1918.1,"1,903.91","1,937.46","1,885.78",,0.84%
2023-03-16,1919.12,"1,920.54","1,934.12","1,907.55",,0.05%
2023-03-17,1987.93,"1,920.00","1,989.80","1,918.33",,3.59%
2023-03-20,1978.71,"1,987.59","2,010.19","1,965.77",,-0.46%
2023-03-21,1940.15,"1,979.17","1,985.30","1,935.41",,-1.95%
2023-03-22,1969.58,"1,940.44","1,978.93","1,934.33",,1.52%
2023-03-23,1993.5,"1,967.91","2,003.43","1,964.39",,1.21%
2023-03-24,1977.22,"1,993.99","2,003.19","1,975.18",,-0.82%
2023-03-27,1956.56,"1,977.66","1,979.89","1,943.68",,-1.04%
2023-03-28,1973.69,"1,957.23","1,975.45","1,948.66",,0.88%
2023-03-29,1964.04,"1,972.82","1,974.64","1,958.62",,-0.49%
2023-03-30,1980.25,"1,962.58","1,984.40","1,955.44",,0.83%
2023-03-31,1967.9,"1,978.62","1,987.84","1,966.89",,-0.62%
2023-04-03,1984.11,"1,970.84","1,990.64","1,949.82",,0.82%
2023-04-04,2019.97,"1,984.59","2,025.19","1,977.01",,1.81%
2023-04-05,2020.35,"2,020.44","2,032.20","2,009.99",,0.02%
2023-04-06,2008.02,"2,020.13","2,021.63","2,000.88",,-0.61%
2023-04-10,1989.95,"2,008.30","2,011.17","1,981.59",,-0.90%
2023-04-11,2003.14,"1,990.36","2,007.58","1,988.72",,0.66%
2023-04-12,2014.67,"2,003.67","2,028.40","2,001.18",,0.58%
2023-04-13,2039.73,"2,014.00","2,048.84","2,012.45",,1.24%
2023-04-14,2003.04,"2,040.40","2,047.60","1,992.41",,-1.80%
2023-04-17,1994.77,"2,001.85","2,015.13","1,981.34",,-0.41%
2023-04-18,2004.93,"1,995.19","2,011.98","1,991.33",,0.51%
2023-04-19,1993.26,"2,007.49","2,008.33","1,969.28",,-0.58%
2023-04-20,2004.34,"1,993.58","2,012.74","1,990.49",,0.56%
2023-04-21,1982.89,"2,004.29","2,005.75","1,971.65",,-1.07%
2023-04-24,1988.88,"1,981.34","1,990.97","1,974.19",,0.30%
2023-04-25,1997.87,"1,991.45","2,003.90","1,976.14",,0.45%
2023-04-26,1989.48,"2,000.63","2,009.51","1,983.43",,-0.42%
2023-04-27,1987.87,"1,987.58","2,003.45","1,973.80",,-0.08%
2023-04-28,1989.65,"1,986.75","1,995.13","1,976.08",,0.09%
2023-05-01,1982.05,"1,991.34","2,006.05","1,977.05",,-0.38%
2023-05-02,2016.28,"1,982.81","2,019.54","1,978.38",,1.73%
2023-05-03,2039.02,"2,014.80","2,040.69","2,007.96",,1.13%
2023-05-04,2051.11,"2,036.86","2,073.29","2,030.34",,0.59%
2023-05-05,2016.54,"2,051.73","2,053.13","1,999.30",,-1.69%
2023-05-08,2021.39,"2,015.95","2,029.63","2,014.10",,0.24%
2023-05-09,2034.17,"2,022.24","2,037.70","2,019.50",,0.63%
2023-05-10,2029.51,"2,034.19","2,048.22","2,021.57",,-0.23%
2023-05-11,2015.55,"2,030.56","2,041.44","2,011.19",,-0.69%
2023-05-12,2011.15,"2,015.19","2,022.56","2,001.05",,-0.22%
2023-05-15,2020.6,"2,011.72","2,022.20","2,007.28",,0.47%
2023-05-16,1988.6,"2,015.90","2,018.94","1,985.47",,-1.58%
2023-05-17,1981.72,"1,988.94","1,993.13","1,974.80",,-0.35%
2023-05-18,1958.05,"1,981.52","1,986.12","1,951.97",,-1.19%
2023-05-19,1976.56,"1,957.40","1,984.09","1,954.05",,0.94%
2023-05-22,1969.43,"1,977.80","1,982.66","1,968.40",,-0.36%
2023-05-23,1974.73,"1,971.99","1,977.80","1,954.29",,0.27%
2023-05-24,1957.01,"1,975.19","1,985.30","1,956.51",,-0.90%
2023-05-25,1940.34,"1,958.13","1,964.95","1,938.86",,-0.85%
2023-05-26,1946.33,"1,940.69","1,957.40","1,936.84",,0.31%
2023-05-29,1942.84,"1,944.09","1,949.75","1,940.30",,-0.18%
2023-05-30,1959.14,"1,944.19","1,963.63","1,932.08",,0.84%
2023-05-31,1962.3,"1,959.30","1,975.34","1,953.67",,0.16%
2023-06-01,1977.88,"1,962.80","1,983.27","1,953.43",,0.79%
2023-06-02,1947.63,"1,978.14","1,983.52","1,947.67",,-1.53%
2023-06-05,1961.76,"1,947.59","1,964.13","1,938.14",,0.73%
2023-06-06,1962.85,"1,962.11","1,966.85","1,954.00",,0.06%
2023-06-07,1939.63,"1,963.59","1,970.26","1,939.80",,-1.18%
2023-06-08,1967.76,"1,940.59","1,970.50","1,939.81",,1.45%
2023-06-09,1960.6,"1,968.10","1,973.09","1,956.73",,-0.36%
2023-06-12,1956.92,"1,960.25","1,967.55","1,948.80",,-0.19%
2023-06-13,1943.33,"1,957.69","1,970.74","1,939.99",,-0.69%
2023-06-14,1942.99,"1,943.49","1,960.41","1,939.73",,-0.02%
2023-06-15,1957.65,"1,943.44","1,960.34","1,925.30",,0.75%
2023-06-16,1957.36,"1,957.68","1,968.00","1,953.42",,-0.01%
2023-06-19,1950.12,"1,957.99","1,958.93","1,947.80",,-0.37%
2023-06-20,1935.91,"1,950.90","1,956.87","1,929.77",,-0.73%
2023-06-21,1932.26,"1,935.42","1,939.55","1,919.34",,-0.19%
2023-06-22,1913.52,"1,932.09","1,935.00","1,912.34",,-0.97%
2023-06-23,1921.36,"1,913.80","1,937.10","1,910.24",,0.41%
2023-06-26,1922.85,"1,924.30","1,933.48","1,921.59",,0.08%
2023-06-27,1913.35,"1,923.21","1,930.85","1,911.19",,-0.49%
2023-06-28,1907.42,"1,913.59","1,917.24","1,902.84",,-0.31%
2023-06-29,1908.15,"1,908.80","1,913.15","1,893.01",,0.04%
2023-06-30,1919.57,"1,908.53","1,922.90","1,900.56",,0.60%
2023-07-03,1921.43,"1,919.40","1,931.09","1,910.10",,0.10%
2023-07-04,1925.09,"1,921.78","1,930.84","1,919.90",,0.19%
2023-07-05,1917.32,"1,925.90","1,935.17","1,914.48",,-0.40%
2023-07-06,1910.8,"1,916.05","1,927.69","1,902.68",,-0.34%
2023-07-07,1924.28,"1,911.07","1,934.92","1,909.56",,0.71%
2023-07-10,1924.99,"1,925.19","1,928.31","1,912.68",,0.04%
2023-07-11,1931.99,"1,925.40","1,938.69","1,924.40",,0.36%
2023-07-12,1957.09,"1,932.59","1,959.82","1,932.18",,1.30%
2023-07-13,1960.19,"1,957.44","1,963.69","1,952.71",,0.16%
2023-07-14,1954.93,"1,961.58","1,963.81","1,951.00",,-0.27%
2023-07-17,1954.74,"1,954.90","1,959.91","1,945.82",,-0.01%
2023-07-18,1978.71,"1,954.59","1,984.39","1,954.44",,1.23%
2023-07-19,1977.25,"1,978.97","1,981.05","1,969.75",,-0.07%
2023-07-20,1969.62,"1,976.80","1,987.59","1,965.40",,-0.39%
2023-07-21,1960.23,"1,969.99","1,973.89","1,956.82",,-0.48%
2023-07-24,1954.51,"1,962.09","1,967.97","1,953.42",,-0.29%
2023-07-25,1964.58,"1,955.20","1,966.03","1,953.21",,0.52%
2023-07-26,1972.1,"1,964.99","1,978.31","1,961.99",,0.38%
2023-07-27,1944.99,"1,972.08","1,982.24","1,942.61",,-1.38%
2023-07-28,1959.2,"1,944.27","1,963.71","1,944.27",,0.73%
2023-07-31,1964.19,"1,959.49","1,972.44","1,951.00",,0.25%
2023-08-01,1944.08,"1,965.10","1,966.24","1,941.20",,-1.02%
2023-08-02,1933.56,"1,945.74","1,955.40","1,933.00",,-0.54%
2023-08-03,1933.74,"1,934.66","1,939.03","1,929.55",,0.01%
2023-08-04,1941.62,"1,934.12","1,947.19","1,929.75",,0.41%
2023-08-07,1936.39,"1,942.59","1,946.81","1,931.53",,-0.27%
2023-08-08,1924.82,"1,936.76","1,938.15","1,922.50",,-0.60%
2023-08-09,1914.59,"1,925.16","1,932.48","1,914.05",,-0.53%
2023-08-10,1912.06,"1,914.94","1,930.11","1,911.73",,-0.13%
2023-08-11,1913.32,"1,912.65","1,921.15","1,910.94",,0.07%
2023-08-14,1907.9,"1,913.67","1,916.55","1,902.20",,-0.28%
2023-08-15,1901.56,"1,907.40","1,912.19","1,896.15",,-0.33%
2023-08-16,1891.76,"1,901.59","1,907.90","1,891.30",,-0.52%
2023-08-17,1888.89,"1,892.20","1,903.90","1,884.50",,-0.15%
2023-08-18,1888.19,"1,889.49","1,897.44","1,886.20",,-0.04%
2023-08-21,1893.94,"1,889.40","1,899.05","1,884.50",,0.30%
2023-08-22,1897.47,"1,895.09","1,905.05","1,888.60",,0.19%
2023-08-23,1914.31,"1,897.80","1,920.94","1,897.23",,0.89%
2023-08-24,1917.43,"1,914.15","1,923.94","1,911.35",,0.16%
2023-08-25,1914.53,"1,917.80","1,923.09","1,903.40",,-0.15%
2023-08-28,1919.66,"1,916.09","1,926.19","1,912.83",,0.27%
2023-08-29,1937.12,"1,920.23","1,938.41","1,914.00",,0.91%
2023-08-30,1942.24,"1,937.48","1,949.04","1,934.94",,0.26%
2023-08-31,1939.74,"1,942.61","1,948.19","1,938.86",,-0.13%
2023-09-01,1938.8,"1,940.19","1,953.44","1,934.59",,-0.05%
2023-09-04,1938.19,"1,940.49","1,946.42","1,936.15",,-0.03%
2023-09-05,1925.81,"1,938.59","1,939.13","1,925.22",,-0.64%
2023-09-06,1916.28,"1,926.16","1,929.80","1,914.80",,-0.50%
2023-09-07,1919.19,"1,916.86","1,923.67","1,916.10",,0.15%
2023-09-08,1917.81,"1,919.57","1,930.19","1,917.36",,-0.07%
2023-09-11,1921.66,"1,919.16","1,930.90","1,916.90",,0.20%
2023-09-12,1913.26,"1,922.90","1,925.05","1,907.15",,-0.44%
2023-09-13,1906.3,"1,913.55","1,916.30","1,905.50",,-0.36%
2023-09-14,1910.32,"1,906.68","1,912.99","1,900.95",,0.21%
2023-09-15,1923.57,"1,910.90","1,930.84","1,909.74",,0.69%
2023-09-18,1933.14,"1,924.19","1,934.61","1,922.15",,0.50%
2023-09-19,1930.94,"1,933.68","1,937.94","1,929.71",,-0.11%
2023-09-20,1929.68,"1,931.69","1,947.80","1,927.90",,-0.07%
2023-09-21,1919.57,"1,930.99","1,931.74","1,913.40",,-0.52%
2023-09-22,1924.99,"1,920.08","1,929.65","1,919.58",,0.28%
2023-09-25,1915.66,"1,925.24","1,927.26","1,915.00",,-0.48%
2023-09-26,1900.49,"1,916.03","1,916.89","1,899.17",,-0.79%
2023-09-27,1874.7,"1,900.69","1,903.95","1,872.47",,-1.36%
2023-09-28,1864.56,"1,875.73","1,880.15","1,857.76",,-0.54%
2023-09-29,1848.31,"1,865.43","1,880.24","1,846.34",,-0.87%
2023-10-02,1827.4,"1,848.13","1,849.06","1,826.60",,-1.13%
2023-10-03,1822.81,"1,827.96","1,833.36","1,814.70",,-0.25%
2023-10-04,1821.08,"1,824.30","1,831.05","1,816.15",,-0.10%
2023-10-05,1820.01,"1,820.49","1,829.30","1,812.70",,-0.06%
2023-10-06,1832.26,"1,820.40","1,834.97","1,810.10",,0.67%
2023-10-09,1860.88,"1,832.74","1,864.15","1,832.63",,1.56%
2023-10-10,1860.09,"1,861.27","1,865.65","1,852.65",,-0.04%
2023-10-11,1873.61,"1,859.99","1,877.22","1,858.60",,0.73%
2023-10-12,1868.65,"1,874.10","1,885.30","1,866.92",,-0.26%
2023-10-13,1931.7,"1,869.02","1,933.76","1,868.94",,3.37%
2023-10-16,1919.44,"1,929.30","1,931.80","1,907.65",,-0.63%
2023-10-17,1923.07,"1,920.14","1,931.56","1,911.85",,0.19%
2023-10-18,1947.69,"1,923.70","1,962.74","1,923.05",,1.28%
2023-10-19,1973.7,"1,947.99","1,977.86","1,945.18",,1.34%
2023-10-20,1981.04,"1,974.31","1,997.27","1,971.93",,0.37%
2023-10-23,1972.59,"1,972.90","1,983.40","1,964.36",,-0.43%
2023-10-24,1970.11,"1,972.97","1,980.99","1,953.50",,-0.13%
2023-10-25,1979.62,"1,971.36","1,987.19","1,963.34",,0.48%
2023-10-26,1984.82,"1,979.97","1,994.05","1,971.60",,0.26%
2023-10-27,2005.78,"1,985.17","2,009.48","1,976.35",,1.06%
2023-10-30,1995.88,"2,004.80","2,007.37","1,990.50",,-0.49%
2023-10-31,1982.7,"1,996.00","2,007.80","1,978.90",,-0.66%
2023-11-01,1982.15,"1,983.01","1,992.09","1,969.90",,-0.03%
2023-11-02,1985.51,"1,983.53","1,991.49","1,978.90",,0.17%
2023-11-03,1992.27,"1,985.69","2,004.06","1,983.26",,0.34%
2023-11-06,1977.68,"1,992.30","1,993.30","1,977.52",,-0.73%
2023-11-07,1968.4,"1,978.19","1,978.75","1,956.20",,-0.47%
2023-11-08,1949.79,"1,968.84","1,971.12","1,947.48",,-0.95%
2023-11-09,1958.19,"1,950.09","1,965.69","1,944.30",,0.43%
2023-11-10,1936.79,"1,958.40","1,960.93","1,933.18",,-1.09%
2023-11-13,1945.89,"1,937.05","1,949.27","1,931.73",,0.47%
2023-11-14,1962.67,"1,946.19","1,970.84","1,943.40",,0.86%
2023-11-15,1959.09,"1,963.05","1,975.59","1,955.41",,-0.18%
2023-11-16,1980.85,"1,959.44","1,988.03","1,956.49",,1.11%
2023-11-17,1980.01,"1,981.21","1,993.94","1,978.59",,-0.04%
2023-11-20,1977.19,"1,980.39","1,985.26","1,965.20",,-0.14%
2023-11-21,1998.37,"1,977.49","2,007.52","1,977.34",,1.07%
2023-11-22,1989.72,"1,998.69","2,006.90","1,986.89",,-0.43%
2023-11-23,1991.79,"1,990.15","1,999.19","1,989.01",,0.10%
2023-11-24,2001.97,"1,994.06","2,003.68","1,991.40",,0.51%
2023-11-27,2013.64,"2,002.78","2,018.14","2,000.67",,0.58%
2023-11-28,2040.89,"2,013.94","2,043.00","2,011.60",,1.35%
2023-11-29,2044.59,"2,041.24","2,052.09","2,035.05",,0.18%
2023-11-30,2035.75,"2,044.80","2,047.59","2,031.84",,-0.43%
2023-12-01,2070.9,"2,034.49","2,075.34","2,033.75",,1.73%
2023-12-04,2029.74,"2,071.25","2,135.90","2,020.34",,-1.99%
2023-12-05,2019.42,"2,030.15","2,041.33","2,010.02",,-0.51%
2023-12-06,2024.9,"2,019.74","2,036.30","2,017.27",,0.27%
2023-12-07,2028.34,"2,025.30","2,039.93","2,020.26",,0.17%
2023-12-08,2003.39,"2,028.69","2,034.19","1,994.74",,-1.23%
2023-12-11,1981.3,"2,003.60","2,008.72","1,975.95",,-1.10%
2023-12-12,1979.44,"1,981.59","1,996.80","1,977.19",,-0.09%
2023-12-13,2026.39,"1,979.74","2,027.55","1,973.09",,2.37%
2023-12-14,2035.53,"2,026.59","2,047.98","2,024.33",,0.45%
2023-12-15,2018.19,"2,035.80","2,045.55","2,015.68",,-0.85%
2023-12-18,2027.0,"2,020.09","2,033.71","2,015.99",,0.44%
2023-12-19,2040.12,"2,027.30","2,047.07","2,021.74",,0.65%
2023-12-20,2029.19,"2,040.34","2,043.94","2,029.37",,-0.54%
2023-12-21,2045.49,"2,029.44","2,046.07","2,029.44",,0.80%
2023-12-22,2052.98,"2,045.84","2,070.65","2,045.65",,0.37%
2023-12-25,2054.93,"2,054.32","2,058.36","2,053.96",,0.10%
2023-12-26,2066.6,"2,055.73","2,068.65","2,053.59",,0.57%
2023-12-27,2077.16,"2,066.70","2,084.59","2,061.00",,0.51%
2023-12-28,2064.86,"2,077.34","2,088.54","2,065.89",,-0.59%
2023-12-29,2062.59,"2,065.15","2,075.15","2,057.75",,-0.11%
2024-01-01,2063.8,"2,064.24","2,074.90","2,063.30",,0.06%
2024-01-02,2058.88,"2,062.90","2,079.02","2,056.04",,-0.24%
2024-01-03,2040.78,"2,059.15","2,066.12","2,030.68",,-0.88%
2024-01-04,2043.26,"2,041.34","2,051.40","2,036.24",,0.12%
2024-01-05,2045.5,"2,043.69","2,064.03","2,024.49",,0.11%
2024-01-08,2027.84,"2,044.08","2,046.71","2,016.84",,-0.86%
2024-01-09,2029.59,"2,028.40","2,042.09","2,026.11",,0.09%
2024-01-10,2023.4,"2,029.94","2,040.44","2,020.45",,-0.31%
2024-01-11,2028.09,"2,023.74","2,039.69","2,013.32",,0.23%
2024-01-12,2048.72,"2,028.30","2,062.35","2,027.99",,1.02%
2024-01-15,2054.49,"2,048.09","2,059.25","2,045.80",,0.28%
2024-01-16,2027.59,"2,054.91","2,055.65","2,024.29",,-1.31%
2024-01-17,2005.72,"2,027.90","2,033.05","2,001.91",,-1.08%
2024-01-18,2022.67,"2,006.09","2,023.45","2,005.43",,0.85%
2024-01-19,2029.09,"2,023.05","2,039.49","2,020.37",,0.32%
2024-01-22,2020.99,"2,029.90","2,032.28","2,016.74",,-0.40%
2024-01-23,2028.69,"2,021.24","2,037.92","2,019.59",,0.38%
2024-01-24,2012.59,"2,028.94","2,036.74","2,011.28",,-0.79%
2024-01-25,2019.75,"2,012.84","2,025.27","2,010.15",,0.36%
2024-01-26,2018.34,"2,019.94","2,026.80","2,015.97",,-0.07%
2024-01-29,2031.75,"2,019.40","2,037.75","2,017.38",,0.66%
2024-01-30,2036.12,"2,031.97","2,048.48","2,029.19",,0.21%
2024-01-31,2037.19,"2,036.58","2,056.08","2,031.00",,0.05%
2024-02-01,2054.89,"2,037.59","2,065.42","2,029.55",,0.87%
2024-02-02,2038.59,"2,055.09","2,058.20","2,027.45",,-0.79%
2024-02-05,2024.67,"2,039.91","2,042.32","2,014.40",,-0.68%
2024-02-06,2035.46,"2,024.99","2,039.02","2,022.55",,0.53%
2024-02-07,2034.22,"2,035.90","2,044.65","2,030.65",,-0.06%
2024-02-08,2033.18,"2,034.55","2,038.94","2,019.75",,-0.05%
2024-02-09,2024.16,"2,033.65","2,037.44","2,020.30",,-0.44%
2024-02-12,2019.79,"2,024.53","2,028.09","2,011.91",,-0.22%
2024-02-13,1992.13,"2,019.90","2,030.05","1,990.19",,-1.37%
2024-02-14,1992.39,"1,992.55","1,996.14","1,984.30",,0.01%
2024-02-15,2004.09,"1,992.69","2,008.49","1,990.25",,0.59%
2024-02-16,2013.1,"2,004.40","2,015.25","1,995.26",,0.45%
2024-02-19,2017.63,"2,013.16","2,023.34","2,011.57",,0.22%
2024-02-20,2023.53,"2,017.99","2,030.96","2,015.02",,0.29%
2024-02-21,2024.99,"2,023.80","2,032.22","2,020.19",,0.07%
2024-02-22,2024.11,"2,025.24","2,034.84","2,019.70",,-0.04%
2024-02-23,2035.72,"2,024.49","2,041.43","2,015.55",,0.57%
2024-02-26,2030.66,"2,034.49","2,037.59","2,025.10",,-0.25%
2024-02-27,2029.64,"2,030.99","2,039.99","2,028.78",,-0.05%
2024-02-28,2034.62,"2,030.05","2,038.30","2,024.56",,0.25%
2024-02-29,2043.24,"2,034.92","2,050.79","2,027.75",,0.42%
2024-03-01,2083.39,"2,043.44","2,088.40","2,038.55",,1.96%
2024-03-04,2114.99,"2,082.09","2,119.95","2,079.45",,1.52%
2024-03-05,2127.55,"2,115.15","2,142.15","2,110.52",,0.59%
2024-03-06,2148.29,"2,127.95","2,152.29","2,123.65",,0.98%
2024-03-07,2159.16,"2,148.54","2,164.54","2,144.29",,0.51%
2024-03-08,2177.51,"2,159.40","2,195.20","2,154.08",,0.85%
2024-03-11,2182.47,"2,177.71","2,189.04","2,174.80",,0.23%
2024-03-12,2157.99,"2,183.00","2,184.86","2,150.59",,-1.12%
2024-03-13,2174.4,"2,158.25","2,179.91","2,155.54",,0.76%
2024-03-14,2161.01,"2,174.29","2,177.10","2,152.86",,-0.62%
2024-03-15,2155.54,"2,162.40","2,173.25","2,155.19",,-0.25%
2024-03-18,2159.99,"2,156.00","2,163.64","2,146.05",,0.21%
2024-03-19,2157.23,"2,160.70","2,162.93","2,146.90",,-0.13%
2024-03-20,2185.96,"2,158.29","2,188.90","2,149.60",,1.33%
2024-03-21,2180.81,"2,186.00","2,222.90","2,166.50",,-0.24%
2024-03-22,2164.15,"2,181.50","2,186.25","2,157.15",,-0.76%
2024-03-25,2171.45,"2,165.79","2,181.30","2,163.50",,0.34%
2024-03-26,2178.58,"2,171.82","2,200.15","2,167.75",,0.33%
2024-03-27,2194.02,"2,179.03","2,197.71","2,173.59",,0.71%
2024-03-28,2232.38,"2,194.19","2,235.90","2,187.33",,1.75%
2024-04-01,2250.36,"2,239.59","2,265.86","2,228.54",,0.81%
2024-04-02,2280.1,"2,250.88","2,281.17","2,246.79",,1.32%
2024-04-03,2299.17,"2,279.57","2,301.22","2,265.50",,0.84%
2024-04-04,2289.43,"2,299.62","2,305.31","2,280.15",,-0.42%
2024-04-05,2329.5,"2,289.88","2,330.34","2,267.85",,1.75%
2024-04-08,2338.89,"2,322.00","2,354.09","2,302.86",,0.40%
2024-04-09,2352.58,"2,339.24","2,365.34","2,336.94",,0.59%
2024-04-10,2332.79,"2,352.91","2,360.15","2,319.54",,-0.84%
2024-04-11,2373.24,"2,333.17","2,377.80","2,325.84",,1.73%
2024-04-12,2343.43,"2,373.59","2,431.53","2,333.90",,-1.26%
2024-04-15,2382.51,"2,343.86","2,387.59","2,324.59",,1.67%
2024-04-16,2382.83,"2,382.86","2,398.34","2,362.95",,0.01%
2024-04-17,2360.81,"2,383.20","2,395.63","2,354.84",,-0.92%
2024-04-18,2378.25,"2,360.74","2,392.84","2,360.70",,0.74%
2024-04-19,2390.45,"2,378.60","2,417.79","2,372.96",,0.51%
2024-04-22,2326.29,"2,388.20","2,388.72","2,325.29",,-2.68%
2024-04-23,2321.81,"2,326.62","2,334.48","2,291.40",,-0.19%
2024-04-24,2315.82,"2,322.19","2,337.16","2,311.90",,-0.26%
2024-04-25,2331.78,"2,316.20","2,344.86","2,305.28",,0.69%
2024-04-26,2337.72,"2,332.16","2,352.62","2,326.30",,0.25%
2024-04-29,2334.44,"2,337.50","2,346.85","2,320.08",,-0.14%
2024-04-30,2285.57,"2,335.10","2,336.54","2,284.94",,-2.09%
2024-05-01,2317.9,"2,285.91","2,328.40","2,281.66",,1.41%
2024-05-02,2303.29,"2,319.89","2,326.57","2,285.58",,-0.63%
2024-05-03,2301.56,"2,303.20","2,321.64","2,277.47",,-0.08%
2024-05-06,2323.57,"2,302.50","2,331.99","2,291.79",,0.96%
2024-05-07,2313.79,"2,322.50","2,330.06","2,310.06",,-0.42%
2024-05-08,2308.65,"2,314.70","2,321.56","2,303.85",,-0.22%
2024-05-09,2345.88,"2,309.04","2,347.59","2,306.67",,1.61%
2024-05-10,2360.14,"2,346.26","2,378.45","2,345.25",,0.61%
2024-05-13,2336.05,"2,362.70","2,364.94","2,332.34",,-1.02%
2024-05-14,2357.97,"2,338.20","2,359.83","2,334.55",,0.94%
2024-05-15,2386.04,"2,358.20","2,390.36","2,351.82",,1.19%
2024-05-16,2376.44,"2,386.42","2,397.44","2,371.01",,-0.40%
2024-05-17,2414.89,"2,376.81","2,422.87","2,373.96",,1.62%
2024-05-20,2425.12,"2,415.02","2,450.13","2,407.34",,0.42%
2024-05-21,2421.64,"2,426.84","2,434.00","2,406.32",,-0.14%
2024-05-22,2378.25,"2,423.75","2,426.64","2,374.98",,-1.79%
2024-05-23,2328.37,"2,378.60","2,383.86","2,327.00",,-2.10%
2024-05-24,2333.76,"2,328.40","2,347.54","2,325.40",,0.23%
2024-05-27,2350.74,"2,334.50","2,358.56","2,332.36",,0.73%
2024-05-28,2360.95,"2,352.29","2,364.12","2,340.17",,0.43%
2024-05-29,2338.77,"2,361.00","2,362.86","2,334.75",,-0.94%
2024-05-30,2343.0,"2,339.67","2,351.83","2,322.72",,0.18%
2024-05-31,2326.97,"2,345.07","2,353.24","2,323.96",,-0.68%
2024-06-03,2350.35,"2,329.61","2,354.82","2,314.76",,1.00%
2024-06-04,2327.68,"2,349.00","2,351.76","2,315.53",,-0.96%
2024-06-05,2354.78,"2,328.00","2,358.07","2,325.88",,1.16%
2024-06-06,2375.61,"2,355.16","2,378.57","2,353.60",,0.88%
2024-06-07,2292.71,"2,376.50","2,387.85","2,286.77",,-3.49%
2024-06-10,2310.6,"2,296.00","2,313.87","2,287.31",,0.78%
2024-06-11,2316.27,"2,311.00","2,320.17","2,297.69",,0.25%
2024-06-12,2322.55,"2,315.53","2,341.70","2,310.80",,0.27%
2024-06-13,2303.19,"2,325.70","2,326.70","2,295.68",,-0.83%
2024-06-14,2332.52,"2,302.52","2,336.87","2,301.35",,1.27%
2024-06-17,2318.87,"2,332.20","2,333.48","2,310.02",,-0.59%
2024-06-18,2328.33,"2,319.38","2,333.25","2,306.63",,0.41%
2024-06-19,2327.48,"2,329.79","2,335.10","2,323.84",,-0.04%
2024-06-20,2359.63,"2,329.15","2,365.52","2,327.30",,1.38%
2024-06-21,2320.34,"2,360.30","2,368.85","2,316.76",,-1.66%
2024-06-24,2332.93,"2,321.60","2,335.02","2,317.37",,0.54%
2024-06-25,2319.01,"2,333.25","2,337.26","2,315.56",,-0.60%
2024-06-26,2297.91,"2,320.00","2,323.95","2,293.70",,-0.91%
2024-06-27,2327.45,"2,299.80","2,331.00","2,296.50",,1.29%
2024-06-28,2325.71,"2,327.75","2,339.79","2,319.15",,-0.07%
2024-07-01,2331.7,"2,326.46","2,338.72","2,318.55",,0.26%
2024-07-02,2329.28,"2,332.05","2,336.90","2,319.24",,-0.10%
2024-07-03,2356.06,"2,328.00","2,365.06","2,326.93",,1.15%
2024-07-04,2356.12,"2,353.70","2,362.64","2,350.76",,0.00%
2024-07-05,2391.46,"2,358.01","2,393.04","2,354.03",,1.50%
2024-07-08,2358.8,"2,391.77","2,391.85","2,351.16",,-1.37%
2024-07-09,2363.58,"2,358.60","2,371.52","2,349.59",,0.20%
2024-07-10,2371.07,"2,363.80","2,386.75","2,362.73",,0.32%
2024-07-11,2414.78,"2,371.58","2,424.62","2,370.83",,1.84%
2024-07-12,2411.27,"2,416.47","2,418.37","2,391.52",,-0.15%
2024-07-15,2422.07,"2,409.50","2,439.74","2,401.35",,0.45%
2024-07-16,2468.57,"2,424.80","2,469.91","2,423.54",,1.92%
2024-07-17,2458.38,"2,476.22","2,483.78","2,451.60",,-0.41%
2024-07-18,2444.97,"2,460.13","2,475.02","2,440.41",,-0.55%
2024-07-19,2400.79,"2,445.34","2,446.29","2,393.92",,-1.81%
2024-07-22,2397.65,"2,400.41","2,412.32","2,384.00",,-0.13%
2024-07-23,2409.21,"2,396.80","2,412.15","2,388.26",,0.48%
2024-07-24,2397.59,"2,408.94","2,432.05","2,396.50",,-0.48%
2024-07-25,2364.5,"2,398.49","2,401.32","2,353.19",,-1.38%
2024-07-26,2385.57,"2,364.30","2,390.82","2,355.89",,0.89%
2024-07-29,2383.54,"2,387.20","2,403.23","2,369.77",,-0.09%
2024-07-30,2408.43,"2,383.66","2,413.00","2,376.51",,1.04%
2024-07-31,2448.1,"2,410.09","2,451.00","2,403.86",,1.65%
2024-08-01,2445.42,"2,448.10","2,462.40","2,430.25",,-0.11%
2024-08-02,2443.29,"2,445.16","2,477.72","2,410.83",,-0.09%
2024-08-05,2407.65,"2,443.27","2,458.80","2,364.40",,-1.46%
2024-08-06,2389.37,"2,410.01","2,418.35","2,381.79",,-0.76%
2024-08-07,2381.53,"2,389.67","2,407.05","2,379.05",,-0.33%
2024-08-08,2426.75,"2,382.43","2,427.80","2,380.70",,1.90%
2024-08-09,2430.93,"2,427.29","2,437.15","2,416.93",,0.17%
2024-08-12,2472.25,"2,431.21","2,473.48","2,423.84",,1.70%
2024-08-13,2465.03,"2,472.64","2,477.02","2,458.50",,-0.29%
2024-08-14,2447.64,"2,467.40","2,478.49","2,438.12",,-0.71%
2024-08-15,2456.1,"2,448.15","2,470.25","2,432.19",,0.35%
2024-08-16,2507.28,"2,456.57","2,509.89","2,450.76",,2.08%
2024-08-19,2503.92,"2,508.40","2,510.45","2,485.83",,-0.13%
2024-08-20,2513.74,"2,501.55","2,532.05","2,497.33",,0.39%
2024-08-21,2511.95,"2,512.82","2,520.09","2,494.15",,-0.07%
2024-08-22,2483.29,"2,512.50","2,514.82","2,470.86",,-1.14%
2024-08-23,2512.07,"2,482.20","2,518.45","2,481.20",,1.16%
2024-08-26,2516.89,"2,511.43","2,527.76","2,508.71",,0.19%
2024-08-27,2524.57,"2,518.30","2,526.27","2,503.41",,0.31%
2024-08-28,2502.25,"2,522.74","2,529.15","2,493.66",,-0.88%
2024-08-29,2521.18,"2,504.65","2,528.77","2,503.65",,0.76%
2024-08-30,2503.03,"2,520.89","2,527.07","2,494.36",,-0.72%
2024-09-02,2499.29,"2,502.74","2,507.50","2,490.14",,-0.15%
2024-09-03,2492.76,"2,500.50","2,506.44","2,473.25",,-0.26%
2024-09-04,2494.84,"2,492.94","2,500.20","2,471.95",,0.08%
2024-09-05,2516.32,"2,495.50","2,523.54","2,493.76",,0.86%
2024-09-06,2497.03,"2,516.90","2,529.30","2,485.15",,-0.77%
2024-09-09,2505.25,"2,497.32","2,507.42","2,485.60",,0.33%
2024-09-10,2516.12,"2,506.84","2,518.57","2,500.16",,0.43%
2024-09-11,2511.44,"2,515.70","2,529.40","2,501.01",,-0.19%
2024-09-12,2558.75,"2,512.02","2,560.21","2,511.02",,1.88%
2024-09-13,2576.5,"2,556.52","2,586.18","2,556.52",,0.69%
2024-09-16,2582.58,"2,578.06","2,589.78","2,575.40",,0.24%
2024-09-17,2569.52,"2,582.46","2,587.01","2,560.84",,-0.51%
2024-09-18,2559.16,"2,571.73","2,600.21","2,546.98",,-0.40%
2024-09-19,2586.48,"2,559.07","2,594.89","2,551.26",,1.07%
2024-09-20,2621.96,"2,587.50","2,625.79","2,584.81",,1.37%
2024-09-23,2628.4,"2,621.81","2,635.54","2,613.60",,0.25%
2024-09-24,2656.7,"2,628.92","2,664.47","2,622.58",,1.08%
2024-09-25,2656.82,"2,655.90","2,670.60","2,649.84",,0.00%
2024-09-26,2670.2,"2,657.32","2,685.96","2,654.56",,0.50%
2024-09-27,2657.97,"2,669.50","2,674.40","2,643.15",,-0.46%
2024-09-30,2634.49,"2,658.30","2,666.11","2,624.78",,-0.88%
2024-10-01,2662.82,"2,635.41","2,673.20","2,631.98",,1.08%
2024-10-02,2657.75,"2,661.15","2,663.85","2,641.18",,-0.19%
2024-10-03,2655.9,"2,658.66","2,663.40","2,639.73",,-0.07%
2024-10-04,2652.25,"2,654.39","2,670.15","2,632.00",,-0.14%
2024-10-07,2643.58,"2,651.20","2,659.91","2,637.70",,-0.33%
2024-10-08,2621.94,"2,643.50","2,653.09","2,604.79",,-0.82%
2024-10-09,2607.77,"2,620.19","2,624.65","2,605.18",,-0.54%
2024-10-10,2629.48,"2,608.14","2,631.63","2,604.15",,0.83%
2024-10-11,2656.0,"2,630.80","2,661.55","2,627.65",,1.01%
2024-10-14,2651.05,"2,657.21","2,666.94","2,643.16",,-0.19%
2024-10-15,2660.99,"2,651.75","2,669.07","2,638.31",,0.37%
2024-10-16,2673.24,"2,663.00","2,685.73","2,658.71",,0.46%
2024-10-17,2692.55,"2,674.05","2,696.80","2,673.00",,0.72%
2024-10-18,2720.25,"2,692.41","2,722.87","2,691.48",,1.03%
2024-10-21,2719.65,"2,721.71","2,740.61","2,714.23",,-0.02%
2024-10-22,2748.38,"2,720.00","2,749.47","2,718.93",,1.06%
2024-10-23,2717.54,"2,749.52","2,758.53","2,708.79",,-1.12%
2024-10-24,2735.7,"2,717.99","2,743.38","2,715.72",,0.67%
2024-10-25,2747.69,"2,736.10","2,747.97","2,716.97",,0.44%
2024-10-28,2741.98,"2,734.85","2,746.07","2,724.72",,-0.21%
2024-10-29,2775.13,"2,743.70","2,775.89","2,739.82",,1.21%
2024-10-30,2786.19,"2,775.01","2,790.10","2,770.65",,0.40%
2024-10-31,2743.8,"2,787.75","2,790.41","2,731.65",,-1.52%
2024-11-01,2735.16,"2,742.50","2,762.30","2,733.20",,-0.32%
2024-11-04,2736.39,"2,734.11","2,748.30","2,729.79",,0.05%
